"player_name","position","team","headshot_href","streak_total5","streak_total10","status","reason"
"Josh Giddey","SG","CHI","https://a.espncdn.com/i/headshots/nba/players/full/4871145.png",84.947660285446,83.6439325521346,"On Fire (last 10)","Last 10 avg (83.6) is 8.5 above season avg (75.1). Boosted by IMPACT, PLAY"
"Nikola Vučević","C","CHI","https://a.espncdn.com/i/headshots/nba/players/full/6478.png",83.7344315500238,78.0847031514402,"— Steady","Recent form (83.7) is close to season avg (73.2)"
"Jayson Tatum","SF","BOS","https://a.espncdn.com/i/headshots/nba/players/full/4065648.png",80.0612092874858,79.3490818818171,"— Steady","Recent form (80.1) is close to season avg (77.4)"
"Domantas Sabonis","PF","SAC","https://a.espncdn.com/i/headshots/nba/players/full/3155942.png",79.4505092965526,77.176377914256,"— Steady","Recent form (79.5) is close to season avg (78.2)"
"Tre Jones","PG","CHI","https://a.espncdn.com/i/headshots/nba/players/full/4395626.png",79.3095677372225,75.7530066423937,"On Fire (last 5)","Last 5 avg (79.3) is 10.6 above season avg (68.7). Boosted by IMPACT, SCORING"
"Trae Young","PG","ATL","https://a.espncdn.com/i/headshots/nba/players/full/4277905.png",79.1670099623806,78.1125397182108,"— Steady","Recent form (79.2) is close to season avg (75.5)"
"Mouhamed Gueye","F","ATL","https://a.espncdn.com/i/headshots/nba/players/full/4712863.png",79.1058201311037,72.891799645044,"On Fire (last 5)","Last 5 avg (79.1) is 11.3 above season avg (67.8). Boosted by REB, DISC"
"Deni Avdija","SF","POR","https://a.espncdn.com/i/headshots/nba/players/full/4683021.png",77.8743579753403,77.2335475207982,"On Fire (last 10)","Last 10 avg (77.2) is 9.4 above season avg (67.8). Boosted by REB, DISC"
"Immanuel Quickley","SG","TOR","https://a.espncdn.com/i/headshots/nba/players/full/4395724.png",76.5230514819702,76.6741852928311,"On Fire (last 10)","Last 10 avg (76.7) is 7.3 above season avg (69.4). Boosted by IMPACT, DISC"
"Pascal Siakam","PF","IND","https://a.espncdn.com/i/headshots/nba/players/full/3149673.png",76.5038890420072,74.5047514652576,"— Steady","Recent form (76.5) is close to season avg (72.4)"
"Alperen Sengun","C","HOU","https://a.espncdn.com/i/headshots/nba/players/full/4871144.png",76.4283378901418,75.5531275729554,"— Steady","Recent form (76.4) is close to season avg (76.6)"
"Cade Cunningham","PG","DET","https://a.espncdn.com/i/headshots/nba/players/full/4432166.png",76.3993414873106,75.6985225582168,"— Steady","Recent form (76.4) is close to season avg (76.5)"
"Donovan Clingan","C","POR","https://a.espncdn.com/i/headshots/nba/players/full/5105565.png",76.3730275655237,74.1424567007892,"— Steady","Recent form (76.4) is close to season avg (70.5)"
"Shaedon Sharpe","SG","POR","https://a.espncdn.com/i/headshots/nba/players/full/4914336.png",76.3569682132253,71.366853080024,"On Fire (last 5)","Last 5 avg (76.4) is 13.3 above season avg (63.1). Boosted by SCORING, IMPACT"
"Victor Wembanyama","C","SA","https://a.espncdn.com/i/headshots/nba/players/full/5104157.png",76.2045520798078,78.5544678230037,"— Steady","Recent form (76.2) is close to season avg (79)"
"Giannis Antetokounmpo","PF","MIL","https://a.espncdn.com/i/headshots/nba/players/full/3032977.png",75.838806614393,84.6883239581833,"— Steady","Recent form (75.8) is close to season avg (80.7)"
"Dyson Daniels","G","ATL","https://a.espncdn.com/i/headshots/nba/players/full/4869342.png",75.2713142880236,76.1712395752893,"— Steady","Recent form (75.3) is close to season avg (73.5)"
"Matas Buzelis","F","CHI","https://a.espncdn.com/i/headshots/nba/players/full/4711294.png",74.9040106044547,72.9415615984067,"On Fire (last 5)","Last 5 avg (74.9) is 13 above season avg (61.9). Boosted by SCORING, DISC"
"Day'Ron Sharpe","C","BKN","https://a.espncdn.com/i/headshots/nba/players/full/4432194.png",74.851671578467,75.4358403284353,"— Steady","Recent form (74.9) is close to season avg (71.9)"
"Nikola Jokić","C","DEN","https://a.espncdn.com/i/headshots/nba/players/full/3112335.png",74.6053039188636,76.1424203382515,"Cold (last 10)","Last 10 avg (76.1) is 10.7 below season avg (86.8). Dragged down by SCORING, REB"
"Jonathan Mogbo","F","TOR","https://a.espncdn.com/i/headshots/nba/players/full/5107897.png",74.36141527938,70.1707491471396,"On Fire (last 5)","Last 5 avg (74.4) is 11.5 above season avg (62.8). Boosted by PLAY, REB"
"RJ Barrett","SG","TOR","https://a.espncdn.com/i/headshots/nba/players/full/4395625.png",74.1721857503606,71.2721581509325,"— Steady","Recent form (74.2) is close to season avg (69)"
"Mason Plumlee","C","PHX","https://a.espncdn.com/i/headshots/nba/players/full/2488653.png",73.9301936025313,66.9169965995584,"— Steady","Recent form (73.9) is close to season avg (67.5)"
"Jakob Poeltl","C","TOR","https://a.espncdn.com/i/headshots/nba/players/full/3134908.png",73.6534423278764,78.4006783598656,"On Fire (last 10)","Last 10 avg (78.4) is 7.3 above season avg (71.1). Boosted by DEF, REB"
"LeBron James","SF","LAL","https://a.espncdn.com/i/headshots/nba/players/full/1966.png",73.6364170139269,74.5373291496343,"— Steady","Recent form (73.6) is close to season avg (76.6)"
"Kawhi Leonard","SF","LAC","https://a.espncdn.com/i/headshots/nba/players/full/6450.png",73.4512798805151,75.6505698275643,"— Steady","Recent form (73.5) is close to season avg (74.1)"
"Anthony Davis","PF","DAL","https://a.espncdn.com/i/headshots/nba/players/full/6583.png",73.3595866148015,73.5976008630821,"— Steady","Recent form (73.4) is close to season avg (76.8)"
"Dejounte Murray","SG","NO","https://a.espncdn.com/i/headshots/nba/players/full/3907497.png",72.674598471486,73.624841999586,"— Steady","Recent form (72.7) is close to season avg (70.1)"
"James Harden","SG","LAC","https://a.espncdn.com/i/headshots/nba/players/full/3992.png",72.3325866355533,76.875302685559,"— Steady","Recent form (72.3) is close to season avg (75.9)"
"Clint Capela","C","ATL","https://a.espncdn.com/i/headshots/nba/players/full/3102529.png",72.2846595229707,66.8549771125072,"— Steady","Recent form (72.3) is close to season avg (69.6)"
"Caris LeVert","SG","ATL","https://a.espncdn.com/i/headshots/nba/players/full/2991043.png",72.2074215893062,66.8743608502655,"— Steady","Recent form (72.2) is close to season avg (69)"
"T.J. McConnell","PG","IND","https://a.espncdn.com/i/headshots/nba/players/full/2530530.png",71.9485872779998,71.2468724351074,"— Steady","Recent form (71.9) is close to season avg (70.6)"
"Evan Mobley","PF","CLE","https://a.espncdn.com/i/headshots/nba/players/full/4432158.png",71.8787798590023,72.3637992207251,"— Steady","Recent form (71.9) is close to season avg (77)"
"Ja'Kobe Walter","G","TOR","https://a.espncdn.com/i/headshots/nba/players/full/4684272.png",71.7172029832536,67.3352210386315,"On Fire (last 5)","Last 5 avg (71.7) is 12.8 above season avg (58.9). Boosted by DEF, IMPACT"
"Coby White","PG","CHI","https://a.espncdn.com/i/headshots/nba/players/full/4395651.png",71.1916114879291,70.7037770730528,"— Steady","Recent form (71.2) is close to season avg (65.3)"
"Donovan Mitchell","SG","CLE","https://a.espncdn.com/i/headshots/nba/players/full/3908809.png",71.0764407468201,73.0326311506533,"— Steady","Recent form (71.1) is close to season avg (74.5)"
"Scottie Barnes","SF","TOR","https://a.espncdn.com/i/headshots/nba/players/full/4433134.png",71.0756982533972,75.0394804251285,"— Steady","Recent form (71.1) is close to season avg (73.1)"
"Aaron Gordon","PF","DEN","https://a.espncdn.com/i/headshots/nba/players/full/3064290.png",71.0694649154842,69.2442517237153,"— Steady","Recent form (71.1) is close to season avg (69.5)"
"Harrison Barnes","SF","SA","https://a.espncdn.com/i/headshots/nba/players/full/6578.png",70.4387418244208,66.406804942736,"— Steady","Recent form (70.4) is close to season avg (63.4)"
"Keegan Murray","SF","SAC","https://a.espncdn.com/i/headshots/nba/players/full/4594327.png",70.2922388629422,66.1417949280099,"— Steady","Recent form (70.3) is close to season avg (64.6)"
"Malcolm Brogdon","G","WSH","https://a.espncdn.com/i/headshots/nba/players/full/2566769.png",70.1119935591167,67.4552830032715,"— Steady","Recent form (70.1) is close to season avg (63.8)"
"Daniel Gafford","C","DAL","https://a.espncdn.com/i/headshots/nba/players/full/4278049.png",70.1066943879936,72.7221808685723,"— Steady","Recent form (70.1) is close to season avg (71.5)"
"Nic Claxton","C","BKN","https://a.espncdn.com/i/headshots/nba/players/full/4278067.png",70.0448990610295,66.0782922279643,"— Steady","Recent form (70) is close to season avg (65.6)"
"Patrick Williams","PF","CHI","https://a.espncdn.com/i/headshots/nba/players/full/4431687.png",70.0260533322716,61.7032354223487,"On Fire (last 5)","Last 5 avg (70) is 9.6 above season avg (60.4). Boosted by IMPACT, PLAY"
"Kris Murray","F","POR","https://a.espncdn.com/i/headshots/nba/players/full/4594326.png",69.9369793827922,55.1671905901667,"On Fire (last 5)","Last 5 avg (69.9) is 10.6 above season avg (59.3). Boosted by IMPACT, REB"
"De'Aaron Fox","PG","SA","https://a.espncdn.com/i/headshots/nba/players/full/4066259.png",69.7223082117115,63.8372779674263,"— Steady","Recent form (69.7) is close to season avg (70.7)"
"Paul George","F","PHI","https://a.espncdn.com/i/headshots/nba/players/full/4251.png",69.5695783520827,65.3744860101102,"— Steady","Recent form (69.6) is close to season avg (67.4)"
"Jared Butler","SG","PHI","https://a.espncdn.com/i/headshots/nba/players/full/4395695.png",69.4892521482801,68.8362614347858,"— Steady","Recent form (69.5) is close to season avg (65.1)"
"Jamal Shead","G","TOR","https://a.espncdn.com/i/headshots/nba/players/full/4432241.png",69.4059886668186,71.5334149546054,"On Fire (last 10)","Last 10 avg (71.5) is 10 above season avg (61.6). Boosted by PLAY, REB"
"LaMelo Ball","PG","CHA","https://a.espncdn.com/i/headshots/nba/players/full/4432816.png",69.3977737958916,68.7545949893681,"— Steady","Recent form (69.4) is close to season avg (70.1)"
"Jaden Ivey","PG","DET","https://a.espncdn.com/i/headshots/nba/players/full/4433218.png",69.12213071871,61.5154292491921,"— Steady","Recent form (69.1) is close to season avg (64.2)"
"Steven Adams","C","HOU","https://a.espncdn.com/i/headshots/nba/players/full/2991235.png",69.0768991216431,69.1103743876902,"— Steady","Recent form (69.1) is close to season avg (70.6)"
"Ryan Dunn","F","PHX","https://a.espncdn.com/i/headshots/nba/players/full/4888725.png",68.9462185940318,57.6711412227475,"On Fire (last 5)","Last 5 avg (68.9) is 9 above season avg (59.9). Boosted by REB, IMPACT"
"Cameron Johnson","SF","BKN","https://a.espncdn.com/i/headshots/nba/players/full/3138196.png",68.7655676257338,71.8620455182742,"— Steady","Recent form (68.8) is close to season avg (66.2)"
"Kevin Huerter","SG","CHI","https://a.espncdn.com/i/headshots/nba/players/full/4066372.png",68.6686998710475,69.3505419706136,"— Steady","Recent form (68.7) is close to season avg (63.1)"
"Jaylen Wells","F","MEM","https://a.espncdn.com/i/headshots/nba/players/full/5112087.png",68.4966487987689,63.8184325091152,"— Steady","Recent form (68.5) is close to season avg (61.7)"
"Keaton Wallace","G","ATL","https://a.espncdn.com/i/headshots/nba/players/full/4279118.png",68.4479173261824,64.2225814652318,"— Steady","Recent form (68.4) is close to season avg (61)"
"Jalen Duren","C","DET","https://a.espncdn.com/i/headshots/nba/players/full/4433621.png",68.4047897161939,70.0733343198347,"— Steady","Recent form (68.4) is close to season avg (72.2)"
"Toumani Camara","F","POR","https://a.espncdn.com/i/headshots/nba/players/full/4431736.png",68.3745270579022,67.6043512395083,"— Steady","Recent form (68.4) is close to season avg (64.5)"
"OG Anunoby","SF","NY","https://a.espncdn.com/i/headshots/nba/players/full/3934719.png",68.2965150608068,63.0754459762264,"— Steady","Recent form (68.3) is close to season avg (66.7)"
"Chet Holmgren","PF","OKC","https://a.espncdn.com/i/headshots/nba/players/full/4433255.png",68.2561567049672,68.726997580693,"— Steady","Recent form (68.3) is close to season avg (74.5)"
"Onyeka Okongwu","PF","ATL","https://a.espncdn.com/i/headshots/nba/players/full/4431680.png",68.2341251020885,68.4259289387929,"— Steady","Recent form (68.2) is close to season avg (71.8)"
"Amen Thompson","F","HOU","https://a.espncdn.com/i/headshots/nba/players/full/4684740.png",68.2043019448317,71.7912610480767,"— Steady","Recent form (68.2) is close to season avg (72.7)"
"Jalen Wilson","F","BKN","https://a.espncdn.com/i/headshots/nba/players/full/4431714.png",68.0881653506847,62.1939362758446,"On Fire (last 5)","Last 5 avg (68.1) is 10.7 above season avg (57.4). Boosted by PLAY, SCORING"
"Keon Ellis","G","SAC","https://a.espncdn.com/i/headshots/nba/players/full/4702177.png",68.0409188665389,65.8820777820431,"— Steady","Recent form (68) is close to season avg (64.5)"
"Guerschon Yabusele","F","PHI","https://a.espncdn.com/i/headshots/nba/players/full/4017844.png",68.0132219090607,66.4323790848628,"— Steady","Recent form (68) is close to season avg (64.1)"
"Bennedict Mathurin","SG","IND","https://a.espncdn.com/i/headshots/nba/players/full/4683634.png",67.8804366255405,61.8004900202906,"— Steady","Recent form (67.9) is close to season avg (61.6)"
"Shai Gilgeous-Alexander","PG","OKC","https://a.espncdn.com/i/headshots/nba/players/full/4278073.png",67.8506859068109,72.0280065458748,"Cold (last 5)","Last 5 avg (67.9) is 14.1 below season avg (82). Dragged down by PLAY, DISC"
"John Collins","PF","UTAH","https://a.espncdn.com/i/headshots/nba/players/full/3908845.png",67.7519290959922,66.5024144120678,"— Steady","Recent form (67.8) is close to season avg (68.4)"
"Brandon Clarke","PF","MEM","https://a.espncdn.com/i/headshots/nba/players/full/3906665.png",67.697230185573,68.8806468097507,"— Steady","Recent form (67.7) is close to season avg (67.3)"
"Ivica Zubac","C","LAC","https://a.espncdn.com/i/headshots/nba/players/full/4017837.png",67.6474041318182,72.034484878156,"— Steady","Recent form (67.6) is close to season avg (74.9)"
"Yves Missi","C","NO","https://a.espncdn.com/i/headshots/nba/players/full/5061589.png",67.5952449119353,64.5108759767404,"— Steady","Recent form (67.6) is close to season avg (62.9)"
"Isaiah Hartenstein","C","OKC","https://a.espncdn.com/i/headshots/nba/players/full/4222252.png",67.5827762114586,70.5492318832551,"— Steady","Recent form (67.6) is close to season avg (75.3)"
"DeMar DeRozan","SF","SAC","https://a.espncdn.com/i/headshots/nba/players/full/3978.png",67.5335058191268,70.8778079426805,"— Steady","Recent form (67.5) is close to season avg (68.8)"
"Justin Champagnie","SF","WSH","https://a.espncdn.com/i/headshots/nba/players/full/4432907.png",67.3645444924829,66.8465685549954,"— Steady","Recent form (67.4) is close to season avg (63.7)"
"Bam Adebayo","C","MIA","https://a.espncdn.com/i/headshots/nba/players/full/4066261.png",67.2795900738665,72.650029890442,"— Steady","Recent form (67.3) is close to season avg (71.8)"
"Tyrese Haliburton","PG","IND","https://a.espncdn.com/i/headshots/nba/players/full/4396993.png",67.2374522626824,73.0637874751048,"— Steady","Recent form (67.2) is close to season avg (78.5)"
"Dereck Lively II","C","DAL","https://a.espncdn.com/i/headshots/nba/players/full/4683688.png",67.2328136108142,69.4651754425009,"— Steady","Recent form (67.2) is close to season avg (74.8)"
"Trendon Watford","PF","BKN","https://a.espncdn.com/i/headshots/nba/players/full/4431675.png",67.1759911007578,61.0679617524535,"— Steady","Recent form (67.2) is close to season avg (61.9)"
"Marcus Smart","PG","WSH","https://a.espncdn.com/i/headshots/nba/players/full/2990992.png",66.769677459416,66.9556251001702,"— Steady","Recent form (66.8) is close to season avg (66.2)"
"Kyshawn George","F","WSH","https://a.espncdn.com/i/headshots/nba/players/full/5174563.png",66.7200125197457,64.680686941881,"— Steady","Recent form (66.7) is close to season avg (59.5)"
"Stephon Castle","G","SA","https://a.espncdn.com/i/headshots/nba/players/full/4845367.png",66.6920011976325,66.0086496035691,"— Steady","Recent form (66.7) is close to season avg (63.7)"
"Zion Williamson","PF","NO","https://a.espncdn.com/i/headshots/nba/players/full/4395628.png",66.6840345990609,71.8015084179263,"— Steady","Recent form (66.7) is close to season avg (73.3)"
"Jimmy Butler III","SF","GS","https://a.espncdn.com/i/headshots/nba/players/full/6430.png",66.6537764280786,66.8473677481627,"Cold (last 10)","Last 10 avg (66.8) is 7.7 below season avg (74.6). Dragged down by DEF, DISC"
"Bilal Coulibaly","SG","WSH","https://a.espncdn.com/i/headshots/nba/players/full/5104155.png",66.6393983092083,62.8579536086386,"— Steady","Recent form (66.6) is close to season avg (59.3)"
"Zach LaVine","SG","SAC","https://a.espncdn.com/i/headshots/nba/players/full/3064440.png",66.6125030908342,61.7762569092765,"— Steady","Recent form (66.6) is close to season avg (66.2)"
"Ochai Agbaji","G","TOR","https://a.espncdn.com/i/headshots/nba/players/full/4397018.png",66.6102217967259,64.3406213227951,"— Steady","Recent form (66.6) is close to season avg (62)"
"Fred VanVleet","PG","HOU","https://a.espncdn.com/i/headshots/nba/players/full/2991230.png",66.5761903313449,64.8845283274181,"— Steady","Recent form (66.6) is close to season avg (69)"
"Kyrie Irving","PG","DAL","https://a.espncdn.com/i/headshots/nba/players/full/6442.png",66.5031274560045,69.5253707608977,"— Steady","Recent form (66.5) is close to season avg (71.7)"
"Luka Dončić","PG","LAL","https://a.espncdn.com/i/headshots/nba/players/full/3945274.png",66.4495872218059,75.2423855257934,"Cold (last 5)","Last 5 avg (66.4) is 11.7 below season avg (78.2). Dragged down by DISC, PLAY"
"CJ McCollum","SG","NO","https://a.espncdn.com/i/headshots/nba/players/full/2490149.png",66.4020568655523,62.1344290005574,"— Steady","Recent form (66.4) is close to season avg (63.4)"
"Jaylen Brown","SG","BOS","https://a.espncdn.com/i/headshots/nba/players/full/3917376.png",66.3933093643234,66.1087533352054,"— Steady","Recent form (66.4) is close to season avg (71.2)"
"Devin Booker","SG","PHX","https://a.espncdn.com/i/headshots/nba/players/full/3136193.png",66.3332971559761,61.8560177510259,"Cold (last 10)","Last 10 avg (61.9) is 7.4 below season avg (69.3). Dragged down by IMPACT, SCORING"
"Derrick White","PG","BOS","https://a.espncdn.com/i/headshots/nba/players/full/3078576.png",66.3034649338416,69.0117099355678,"— Steady","Recent form (66.3) is close to season avg (73.5)"
"Luke Kornet","C","BOS","https://a.espncdn.com/i/headshots/nba/players/full/3064560.png",66.1620222521399,64.7033046827763,"— Steady","Recent form (66.2) is close to season avg (70.6)"
"Cam Thomas","SG","BKN","https://a.espncdn.com/i/headshots/nba/players/full/4432174.png",66.0905263904733,66.1290980933643,"— Steady","Recent form (66.1) is close to season avg (62.7)"
"Chris Boucher","PF","TOR","https://a.espncdn.com/i/headshots/nba/players/full/3948153.png",66.0443383828459,62.9974401312126,"— Steady","Recent form (66) is close to season avg (65.4)"
"Kevin Durant","PF","PHX","https://a.espncdn.com/i/headshots/nba/players/full/3202.png",65.9960781090105,67.1827181256788,"— Steady","Recent form (66) is close to season avg (71.2)"
"Julian Phillips","F","CHI","https://a.espncdn.com/i/headshots/nba/players/full/5105553.png",65.891381177019,59.6515930979792,"— Steady","Recent form (65.9) is close to season avg (58.3)"
"Stephen Curry","PG","GS","https://a.espncdn.com/i/headshots/nba/players/full/3975.png",65.7746640464619,69.2702960503386,"— Steady","Recent form (65.8) is close to season avg (73.6)"
"Rudy Gobert","C","MIN","https://a.espncdn.com/i/headshots/nba/players/full/3032976.png",65.7655039815313,66.5991785648974,"— Steady","Recent form (65.8) is close to season avg (71.1)"
"Lonzo Ball","PG","CHI","https://a.espncdn.com/i/headshots/nba/players/full/4066421.png",65.6681457034452,63.2752725687392,"— Steady","Recent form (65.7) is close to season avg (69.2)"
"Tyrese Martin","G","BKN","https://a.espncdn.com/i/headshots/nba/players/full/4397179.png",65.6541668451257,60.7852863814279,"— Steady","Recent form (65.7) is close to season avg (59.6)"
"Isaiah Collier","G","UTAH","https://a.espncdn.com/i/headshots/nba/players/full/4683766.png",65.6406180878171,63.6257478212479,"— Steady","Recent form (65.6) is close to season avg (63.3)"
"Jamal Murray","PG","DEN","https://a.espncdn.com/i/headshots/nba/players/full/3936299.png",65.6238843008468,67.4844756417805,"— Steady","Recent form (65.6) is close to season avg (72.7)"
"Marcus Sasser","G","DET","https://a.espncdn.com/i/headshots/nba/players/full/4432107.png",65.6112191593621,67.3543673798725,"— Steady","Recent form (65.6) is close to season avg (63.8)"
"Luke Kennard","SG","MEM","https://a.espncdn.com/i/headshots/nba/players/full/3913174.png",65.5691744469476,58.9061221992903,"— Steady","Recent form (65.6) is close to season avg (65.4)"
"Dennis Schröder","PG","DET","https://a.espncdn.com/i/headshots/nba/players/full/3032979.png",65.5678633459006,62.4510733895459,"— Steady","Recent form (65.6) is close to season avg (65.4)"
"Alex Sarr","PF","WSH","https://a.espncdn.com/i/headshots/nba/players/full/5160992.png",65.5592728887199,61.1210837740223,"— Steady","Recent form (65.6) is close to season avg (63.2)"
"Davion Mitchell","PG","MIA","https://a.espncdn.com/i/headshots/nba/players/full/4278053.png",65.2981595529204,70.2072360422175,"— Steady","Recent form (65.3) is close to season avg (64.8)"
"Paolo Banchero","PF","ORL","https://a.espncdn.com/i/headshots/nba/players/full/4432573.png",65.2332571618177,67.8448891862785,"— Steady","Recent form (65.2) is close to season avg (68.9)"
"Jalen Brunson","PG","NY","https://a.espncdn.com/i/headshots/nba/players/full/3934672.png",65.0564278834096,66.5253592872107,"— Steady","Recent form (65.1) is close to season avg (71.8)"
"Ausar Thompson","F","DET","https://a.espncdn.com/i/headshots/nba/players/full/4684742.png",64.902371008756,65.7650257681026,"— Steady","Recent form (64.9) is close to season avg (68.2)"
"Tari Eason","F","HOU","https://a.espncdn.com/i/headshots/nba/players/full/4433192.png",64.827979737015,65.2475476990707,"— Steady","Recent form (64.8) is close to season avg (70.2)"
"Jaden McDaniels","PF","MIN","https://a.espncdn.com/i/headshots/nba/players/full/4431671.png",64.7434814452611,67.2263990715549,"— Steady","Recent form (64.7) is close to season avg (66.8)"
"Naz Reid","C","MIN","https://a.espncdn.com/i/headshots/nba/players/full/4396971.png",64.7326605962905,64.1097346659621,"— Steady","Recent form (64.7) is close to season avg (68.2)"
"Jabari Walker","F","POR","https://a.espncdn.com/i/headshots/nba/players/full/4432446.png",64.5647490161346,61.9632494468031,"— Steady","Recent form (64.6) is close to season avg (61.5)"
"Kyle Filipowski","F","UTAH","https://a.espncdn.com/i/headshots/nba/players/full/4684793.png",64.4845796444485,62.0478476027163,"— Steady","Recent form (64.5) is close to season avg (63.2)"
"Bobby Portis","F","MIL","https://a.espncdn.com/i/headshots/nba/players/full/3064482.png",64.4680410915852,65.9149959622085,"— Steady","Recent form (64.5) is close to season avg (69.6)"
"Zach Collins","PF","CHI","https://a.espncdn.com/i/headshots/nba/players/full/4066650.png",64.4271284682161,66.5484274141502,"— Steady","Recent form (64.4) is close to season avg (65.5)"
"Derrick Jones Jr.","SF","LAC","https://a.espncdn.com/i/headshots/nba/players/full/3936099.png",64.3788430202775,60.1874480660583,"— Steady","Recent form (64.4) is close to season avg (64.4)"
"Franz Wagner","SF","ORL","https://a.espncdn.com/i/headshots/nba/players/full/4566434.png",64.3554519331488,71.2480491169607,"— Steady","Recent form (64.4) is close to season avg (71.2)"
"Terance Mann","SG","ATL","https://a.espncdn.com/i/headshots/nba/players/full/3907823.png",64.3473426133369,68.7697707561708,"On Fire (last 10)","Last 10 avg (68.8) is 6.9 above season avg (61.8). Boosted by PLAY, DISC"
"Svi Mykhailiuk","SG","UTAH","https://a.espncdn.com/i/headshots/nba/players/full/3133602.png",64.1688242815014,54.8976313659516,"— Steady","Recent form (64.2) is close to season avg (58.5)"
"Joel Embiid","C","PHI","https://a.espncdn.com/i/headshots/nba/players/full/3059318.png",64.1492107245981,72.1248932891713,"— Steady","Recent form (64.1) is close to season avg (69.4)"
"Christian Braun","G","DEN","https://a.espncdn.com/i/headshots/nba/players/full/4431767.png",64.0493357844096,66.3398979362163,"— Steady","Recent form (64) is close to season avg (69.8)"
"Quentin Grimes","SG","PHI","https://a.espncdn.com/i/headshots/nba/players/full/4397014.png",63.9823302776405,63.1336648648325,"— Steady","Recent form (64) is close to season avg (62.7)"
"Jusuf Nurkić","C","CHA","https://a.espncdn.com/i/headshots/nba/players/full/3102530.png",63.9613414108647,66.3906866819517,"— Steady","Recent form (64) is close to season avg (67)"
"Jared McCain","G","PHI","https://a.espncdn.com/i/headshots/nba/players/full/4683778.png",63.9605767077545,60.5174818667596,"— Steady","Recent form (64) is close to season avg (62.4)"
"Zach Edey","C","MEM","https://a.espncdn.com/i/headshots/nba/players/full/4600663.png",63.9336939326964,70.9848723214415,"— Steady","Recent form (63.9) is close to season avg (69.9)"
"Isaiah Stewart","C","DET","https://a.espncdn.com/i/headshots/nba/players/full/4432810.png",63.7955405732022,67.3825410062429,"— Steady","Recent form (63.8) is close to season avg (67.9)"
"Brandon Miller","F","CHA","https://a.espncdn.com/i/headshots/nba/players/full/4433287.png",63.7443804076473,59.7663634388243,"— Steady","Recent form (63.7) is close to season avg (62.7)"
"Tristan da Silva","F","ORL","https://a.espncdn.com/i/headshots/nba/players/full/4702382.png",63.7100173298902,58.8882052573383,"— Steady","Recent form (63.7) is close to season avg (59.5)"
"Karl-Anthony Towns","C","NY","https://a.espncdn.com/i/headshots/nba/players/full/3136195.png",63.7037284936127,64.097513999625,"Cold (last 10)","Last 10 avg (64.1) is 9.1 below season avg (73.2). Dragged down by DISC, REB"
"Blake Wesley","G","SA","https://a.espncdn.com/i/headshots/nba/players/full/4683935.png",63.6773058379559,58.6687171353297,"— Steady","Recent form (63.7) is close to season avg (61.1)"
"Moritz Wagner","C","ORL","https://a.espncdn.com/i/headshots/nba/players/full/3150844.png",63.6421372992664,68.9902269171134,"— Steady","Recent form (63.6) is close to season avg (67.4)"
"Tyus Jones","PG","PHX","https://a.espncdn.com/i/headshots/nba/players/full/3135046.png",63.5801003196699,66.6775103293578,"— Steady","Recent form (63.6) is close to season avg (68.1)"
"Deandre Ayton","C","POR","https://a.espncdn.com/i/headshots/nba/players/full/4278129.png",63.5799009094214,72.8636567330024,"— Steady","Recent form (63.6) is close to season avg (66.1)"
"Zaccharie Risacher","PF","ATL","https://a.espncdn.com/i/headshots/nba/players/full/5211175.png",63.5664097547556,59.3836504950796,"— Steady","Recent form (63.6) is close to season avg (60.3)"
"Adem Bona","C","PHI","https://a.espncdn.com/i/headshots/nba/players/full/5105637.png",63.4959430656115,65.2936036501108,"— Steady","Recent form (63.5) is close to season avg (62.6)"
"Jake LaRavia","F","SAC","https://a.espncdn.com/i/headshots/nba/players/full/4592691.png",63.4304645721697,61.8169372174771,"— Steady","Recent form (63.4) is close to season avg (66.2)"
"Ja Morant","PG","MEM","https://a.espncdn.com/i/headshots/nba/players/full/4279888.png",63.4179337258893,69.3668123474878,"— Steady","Recent form (63.4) is close to season avg (73.5)"
"Max Strus","SG","CLE","https://a.espncdn.com/i/headshots/nba/players/full/4065778.png",63.3292864750344,67.9525713149977,"— Steady","Recent form (63.3) is close to season avg (67.5)"
"Alex Caruso","SG","OKC","https://a.espncdn.com/i/headshots/nba/players/full/2991350.png",63.3194446381936,63.4411672684094,"Cold (last 10)","Last 10 avg (63.4) is 7.7 below season avg (71.1). Dragged down by DISC, IMPACT"
"Nicolas Batum","PF","LAC","https://a.espncdn.com/i/headshots/nba/players/full/3416.png",63.3036264720281,63.0990645100277,"— Steady","Recent form (63.3) is close to season avg (61)"
"Payton Pritchard","PG","BOS","https://a.espncdn.com/i/headshots/nba/players/full/4066354.png",63.1625814392285,60.1872686498725,"Cold (last 10)","Last 10 avg (60.2) is 8.7 below season avg (68.8). Dragged down by PLAY, DISC"
"Brice Sensabaugh","F","UTAH","https://a.espncdn.com/i/headshots/nba/players/full/5105839.png",63.0826684081675,62.5017903190641,"— Steady","Recent form (63.1) is close to season avg (58.8)"
"Keldon Johnson","SF","SA","https://a.espncdn.com/i/headshots/nba/players/full/4395723.png",63.0140459766368,63.6687614148785,"— Steady","Recent form (63) is close to season avg (63.3)"
"Herbert Jones","SF","NO","https://a.espncdn.com/i/headshots/nba/players/full/4277813.png",62.910671001028,66.0571285963869,"— Steady","Recent form (62.9) is close to season avg (63.3)"
"Bruce Brown","SF","NO","https://a.espncdn.com/i/headshots/nba/players/full/4065670.png",62.841907865257,60.5754870882681,"— Steady","Recent form (62.8) is close to season avg (58.9)"
"Jeremiah Robinson-Earl","F","NO","https://a.espncdn.com/i/headshots/nba/players/full/4432813.png",62.7165979558368,63.8869073283014,"— Steady","Recent form (62.7) is close to season avg (61.8)"
"Cason Wallace","G","OKC","https://a.espncdn.com/i/headshots/nba/players/full/4683692.png",62.5976562138078,61.8941251473459,"Cold (last 10)","Last 10 avg (61.9) is 7.4 below season avg (69.3). Dragged down by SCORING, DEF"
"Devin Vassell","SG","SA","https://a.espncdn.com/i/headshots/nba/players/full/4395630.png",62.3996941203509,64.1900473906454,"— Steady","Recent form (62.4) is close to season avg (63.5)"
"Bub Carrington","G","WSH","https://a.espncdn.com/i/headshots/nba/players/full/4845374.png",62.3639653982926,64.5542396190838,"— Steady","Recent form (62.4) is close to season avg (58.6)"
"Miles Bridges","SF","CHA","https://a.espncdn.com/i/headshots/nba/players/full/4066383.png",62.2898275229583,62.8437173203464,"— Steady","Recent form (62.3) is close to season avg (67.5)"
"Seth Curry","SG","CHA","https://a.espncdn.com/i/headshots/nba/players/full/2326307.png",62.2849094723418,57.8311159011533,"— Steady","Recent form (62.3) is close to season avg (55.9)"
"Malik Monk","SG","SAC","https://a.espncdn.com/i/headshots/nba/players/full/4066262.png",62.2516108284008,64.7007814248848,"— Steady","Recent form (62.3) is close to season avg (68.6)"
"Jalen Johnson","SF","ATL","https://a.espncdn.com/i/headshots/nba/players/full/4701230.png",62.2422081475458,73.0731302918903,"Cold (last 5)","Last 5 avg (62.2) is 12.1 below season avg (74.4). Dragged down by DEF, DISC"
"Ziaire Williams","F","BKN","https://a.espncdn.com/i/headshots/nba/players/full/4433137.png",62.2396486314277,56.1701537950974,"— Steady","Recent form (62.2) is close to season avg (59.2)"
"Tosan Evbuomwan","F","BKN","https://a.espncdn.com/i/headshots/nba/players/full/4597865.png",62.2343922539084,61.3438749455227,"— Steady","Recent form (62.2) is close to season avg (61.1)"
"Chris Paul","PG","SA","https://a.espncdn.com/i/headshots/nba/players/full/2779.png",62.2247724873375,67.7769327611391,"— Steady","Recent form (62.2) is close to season avg (72.8)"
"Gary Trent Jr.","SG","MIL","https://a.espncdn.com/i/headshots/nba/players/full/4277843.png",62.1923851832362,63.3685574664458,"— Steady","Recent form (62.2) is close to season avg (60.1)"
"Luguentz Dort","G","OKC","https://a.espncdn.com/i/headshots/nba/players/full/4397020.png",62.1680848195595,58.9447034460995,"— Steady","Recent form (62.2) is close to season avg (64.5)"
"Sandro Mamukelashvili","PF","SA","https://a.espncdn.com/i/headshots/nba/players/full/4278580.png",62.1260910894382,60.4024435611346,"— Steady","Recent form (62.1) is close to season avg (64.7)"
"Jarrett Allen","C","CLE","https://a.espncdn.com/i/headshots/nba/players/full/4066328.png",62.1188119904843,68.3051474888824,"Cold (last 5)","Last 5 avg (62.1) is 12.5 below season avg (74.7). Dragged down by DISC, SCORING"
"Terry Rozier","SG","MIA","https://a.espncdn.com/i/headshots/nba/players/full/3074752.png",61.9983099711772,60.3175316847949,"— Steady","Recent form (62) is close to season avg (60.7)"
"Josh Hart","SG","NY","https://a.espncdn.com/i/headshots/nba/players/full/3062679.png",61.9504911760899,63.9925883100722,"Cold (last 5)","Last 5 avg (62) is 11.6 below season avg (73.6). Dragged down by DEF, REB"
"Jalen Williams","F","OKC","https://a.espncdn.com/i/headshots/nba/players/full/4593803.png",61.8187604835004,64.2077396263796,"Cold (last 5)","Last 5 avg (61.8) is 13.5 below season avg (75.3). Dragged down by IMPACT, DISC"
"Jalen Suggs","SG","ORL","https://a.espncdn.com/i/headshots/nba/players/full/4432165.png",61.7894934987348,65.4955336378407,"— Steady","Recent form (61.8) is close to season avg (65.7)"
"Kel'el Ware","C","MIA","https://a.espncdn.com/i/headshots/nba/players/full/5105623.png",61.7333302383149,67.6780888212008,"— Steady","Recent form (61.7) is close to season avg (68.4)"
"Orlando Robinson","C","TOR","https://a.espncdn.com/i/headshots/nba/players/full/4593049.png",61.7153882747884,64.5774873522985,"— Steady","Recent form (61.7) is close to season avg (62.8)"
"John Konchar","SG","MEM","https://a.espncdn.com/i/headshots/nba/players/full/3134932.png",61.6262910695353,66.6011119625398,"— Steady","Recent form (61.6) is close to season avg (61.9)"
"Bradley Beal","SG","PHX","https://a.espncdn.com/i/headshots/nba/players/full/6580.png",61.5801947233462,61.2485504617262,"— Steady","Recent form (61.6) is close to season avg (63.3)"
"Brandin Podziemski","G","GS","https://a.espncdn.com/i/headshots/nba/players/full/4709138.png",61.4907129104904,62.4403858242895,"— Steady","Recent form (61.5) is close to season avg (68.2)"
"Anthony Edwards","SG","MIN","https://a.espncdn.com/i/headshots/nba/players/full/4594268.png",61.4195789113116,69.5784131304209,"— Steady","Recent form (61.4) is close to season avg (71.5)"
"Kris Dunn","G","LAC","https://a.espncdn.com/i/headshots/nba/players/full/2991139.png",61.3939473117931,65.9236019469439,"— Steady","Recent form (61.4) is close to season avg (67.5)"
"Al Horford","C","BOS","https://a.espncdn.com/i/headshots/nba/players/full/3213.png",61.3857038216169,65.862104304165,"— Steady","Recent form (61.4) is close to season avg (69.1)"
"Bogdan Bogdanović","SG","LAC","https://a.espncdn.com/i/headshots/nba/players/full/3037789.png",61.3676766464637,55.9180184942282,"Cold (last 10)","Last 10 avg (55.9) is 6.8 below season avg (62.7). Dragged down by SCORING, REB"
"Tobias Harris","F","DET","https://a.espncdn.com/i/headshots/nba/players/full/6440.png",61.1718787332788,61.212858199717,"— Steady","Recent form (61.2) is close to season avg (67.2)"
"Aaron Nesmith","SF","IND","https://a.espncdn.com/i/headshots/nba/players/full/4396909.png",61.1581245556141,59.5000733534492,"— Steady","Recent form (61.2) is close to season avg (65.3)"
"Jerami Grant","SF","POR","https://a.espncdn.com/i/headshots/nba/players/full/2991070.png",61.134027014046,58.4169202661612,"— Steady","Recent form (61.1) is close to season avg (58.8)"
"Oso Ighodaro","C","PHX","https://a.espncdn.com/i/headshots/nba/players/full/4601023.png",60.9899400202264,58.4292728321739,"— Steady","Recent form (61) is close to season avg (61.4)"
"Jrue Holiday","PG","BOS","https://a.espncdn.com/i/headshots/nba/players/full/3995.png",60.9746907463217,65.6970824159285,"— Steady","Recent form (61) is close to season avg (69.2)"
"Anfernee Simons","SG","POR","https://a.espncdn.com/i/headshots/nba/players/full/4351851.png",60.9617346975535,62.7171759331627,"— Steady","Recent form (61) is close to season avg (64.1)"
"Brandon Ingram","SF","NO","https://a.espncdn.com/i/headshots/nba/players/full/3913176.png",60.9424926115901,61.6923161623338,"— Steady","Recent form (60.9) is close to season avg (63.9)"
"Jordan Poole","SG","WSH","https://a.espncdn.com/i/headshots/nba/players/full/4277956.png",60.9351393423415,60.631745898723,"— Steady","Recent form (60.9) is close to season avg (61.4)"
"Nickeil Alexander-Walker","SG","MIN","https://a.espncdn.com/i/headshots/nba/players/full/4278039.png",60.9122235078206,58.8093760506579,"— Steady","Recent form (60.9) is close to season avg (63.8)"
"Kevin Porter Jr.","G","MIL","https://a.espncdn.com/i/headshots/nba/players/full/4397140.png",60.8996555417669,73.021246071867,"— Steady","Recent form (60.9) is close to season avg (66.6)"
"Andrew Nembhard","PG","IND","https://a.espncdn.com/i/headshots/nba/players/full/4395712.png",60.8499744535089,62.6723093452627,"— Steady","Recent form (60.8) is close to season avg (68.5)"
"Delon Wright","G","NY","https://a.espncdn.com/i/headshots/nba/players/full/3064447.png",60.6840429680549,62.7107920795431,"— Steady","Recent form (60.7) is close to season avg (60)"
"Tristan Vukcevic","PF","WSH","https://a.espncdn.com/i/headshots/nba/players/full/4997537.png",60.6801698622619,57.322236609208,"— Steady","Recent form (60.7) is close to season avg (62.9)"
"Eric Gordon","SG","PHI","https://a.espncdn.com/i/headshots/nba/players/full/3431.png",60.6698060931877,64.9389797464029,"On Fire (last 10)","Last 10 avg (64.9) is 6.2 above season avg (58.7). Boosted by DISC, PLAY"
"Damian Lillard","PG","MIL","https://a.espncdn.com/i/headshots/nba/players/full/6606.png",60.4666631404516,65.5948228640177,"Cold (last 5)","Last 5 avg (60.5) is 11.8 below season avg (72.2). Dragged down by DISC, REB"
"Jabari Smith Jr.","PF","HOU","https://a.espncdn.com/i/headshots/nba/players/full/4432639.png",60.4613141258218,66.5890095217482,"— Steady","Recent form (60.5) is close to season avg (64.4)"
"Josh Okogie","SF","CHA","https://a.espncdn.com/i/headshots/nba/players/full/4065663.png",60.4598730872976,61.0210956605548,"— Steady","Recent form (60.5) is close to season avg (65.1)"
"Olivier-Maxence Prosper","F","DAL","https://a.espncdn.com/i/headshots/nba/players/full/4595400.png",60.4248607279323,60.4021941198296,"— Steady","Recent form (60.4) is close to season avg (60.8)"
"Jalen Green","SG","HOU","https://a.espncdn.com/i/headshots/nba/players/full/4437244.png",60.382337670108,59.4993405452779,"— Steady","Recent form (60.4) is close to season avg (65.5)"
"Isaac Okoro","SF","CLE","https://a.espncdn.com/i/headshots/nba/players/full/4432822.png",60.3456341197064,61.2869775942701,"— Steady","Recent form (60.3) is close to season avg (62.7)"
"Obi Toppin","PF","IND","https://a.espncdn.com/i/headshots/nba/players/full/4278355.png",60.3170301354028,61.3963838042369,"— Steady","Recent form (60.3) is close to season avg (65.4)"
"Darius Garland","PG","CLE","https://a.espncdn.com/i/headshots/nba/players/full/4396907.png",60.2476011626472,67.1842280622518,"Cold (last 5)","Last 5 avg (60.2) is 14.3 below season avg (74.5). Dragged down by REB, DEF"
"Jamal Cain","F","NO","https://a.espncdn.com/i/headshots/nba/players/full/4278572.png",60.2172977687719,55.0865128217072,"— Steady","Recent form (60.2) is close to season avg (57.3)"
"Michael Porter Jr.","F","DEN","https://a.espncdn.com/i/headshots/nba/players/full/4278104.png",60.0767832048786,59.6778286433749,"Cold (last 10)","Last 10 avg (59.7) is 7.4 below season avg (67.1). Dragged down by DISC, DEF"
"Max Christie","G","DAL","https://a.espncdn.com/i/headshots/nba/players/full/4432582.png",60.0052819792187,59.154534673199,"— Steady","Recent form (60) is close to season avg (61.2)"
"Andre Drummond","C","PHI","https://a.espncdn.com/i/headshots/nba/players/full/6585.png",59.9967111060784,64.6825501673499,"— Steady","Recent form (60) is close to season avg (66.1)"
"Corey Kispert","SF","WSH","https://a.espncdn.com/i/headshots/nba/players/full/4280151.png",59.9834265326265,59.0520056133581,"— Steady","Recent form (60) is close to season avg (58.1)"
"Santi Aldama","PF","MEM","https://a.espncdn.com/i/headshots/nba/players/full/4593125.png",59.9777550653184,58.9918076876158,"Cold (last 10)","Last 10 avg (59) is 11.5 below season avg (70.5). Dragged down by SCORING, PLAY"
"Grayson Allen","SG","PHX","https://a.espncdn.com/i/headshots/nba/players/full/3135045.png",59.9619924334535,56.3927492639765,"— Steady","Recent form (60) is close to season avg (62.4)"
"Jonathan Isaac","PF","ORL","https://a.espncdn.com/i/headshots/nba/players/full/4065654.png",59.9072853965434,68.6038639265683,"— Steady","Recent form (59.9) is close to season avg (67.8)"
"Tyrese Maxey","PG","PHI","https://a.espncdn.com/i/headshots/nba/players/full/4431678.png",59.8760146917894,60.9414931659928,"Cold (last 10)","Last 10 avg (60.9) is 8.8 below season avg (69.7). Dragged down by DISC, PLAY"
"Jordan Clarkson","G","UTAH","https://a.espncdn.com/i/headshots/nba/players/full/2528426.png",59.866892946052,60.2703677286862,"— Steady","Recent form (59.9) is close to season avg (61.8)"
"Jeremy Sochan","F","SA","https://a.espncdn.com/i/headshots/nba/players/full/4610139.png",59.8664000003782,63.7901304969223,"— Steady","Recent form (59.9) is close to season avg (67.3)"
"Walker Kessler","C","UTAH","https://a.espncdn.com/i/headshots/nba/players/full/4433136.png",59.5936778290523,64.9603927057524,"Cold (last 5)","Last 5 avg (59.6) is 12.5 below season avg (72). Dragged down by DISC, DEF"
"Nick Smith Jr.","G","CHA","https://a.espncdn.com/i/headshots/nba/players/full/4683686.png",59.5185361292803,54.6892929785837,"— Steady","Recent form (59.5) is close to season avg (54.9)"
"Buddy Hield","SG","GS","https://a.espncdn.com/i/headshots/nba/players/full/2990984.png",59.3416370707505,62.9529288740724,"— Steady","Recent form (59.3) is close to season avg (62.7)"
"Sam Merrill","SG","CLE","https://a.espncdn.com/i/headshots/nba/players/full/4066757.png",59.3173393641391,62.8001703933324,"— Steady","Recent form (59.3) is close to season avg (61.2)"
"Jonathan Kuminga","PF","GS","https://a.espncdn.com/i/headshots/nba/players/full/4433247.png",59.2172523222473,57.7819044652008,"— Steady","Recent form (59.2) is close to season avg (63.8)"
"De'Andre Hunter","SF","CLE","https://a.espncdn.com/i/headshots/nba/players/full/4065732.png",58.922045597147,66.4192385241583,"— Steady","Recent form (58.9) is close to season avg (63.1)"
"Spencer Dinwiddie","PG","DAL","https://a.espncdn.com/i/headshots/nba/players/full/2580782.png",58.799383943121,65.2491040436772,"— Steady","Recent form (58.8) is close to season avg (63.2)"
"Draymond Green","PF","GS","https://a.espncdn.com/i/headshots/nba/players/full/6589.png",58.7801523369219,62.3272881983756,"Cold (last 5)","Last 5 avg (58.8) is 12.1 below season avg (70.9). Dragged down by PLAY, SCORING"
"Mikal Bridges","SF","NY","https://a.espncdn.com/i/headshots/nba/players/full/3147657.png",58.7343541660029,61.2202364457954,"— Steady","Recent form (58.7) is close to season avg (67)"
"Norman Powell","G","LAC","https://a.espncdn.com/i/headshots/nba/players/full/2595516.png",58.7175972787362,60.1506005827382,"— Steady","Recent form (58.7) is close to season avg (66.5)"
"Mark Williams","C","CHA","https://a.espncdn.com/i/headshots/nba/players/full/4701232.png",58.6762863840946,66.5124267043779,"Cold (last 5)","Last 5 avg (58.7) is 11 below season avg (69.7). Dragged down by REB, DEF"
"Anthony Black","G","ORL","https://a.espncdn.com/i/headshots/nba/players/full/4712849.png",58.5725494316635,64.6734446112603,"— Steady","Recent form (58.6) is close to season avg (63)"
"Colby Jones","G","WSH","https://a.espncdn.com/i/headshots/nba/players/full/4433378.png",58.5232452692178,57.4926315188065,"— Steady","Recent form (58.5) is close to season avg (59.5)"
"Julius Randle","PF","MIN","https://a.espncdn.com/i/headshots/nba/players/full/3064514.png",58.5086940751057,67.266038695028,"Cold (last 5)","Last 5 avg (58.5) is 10.8 below season avg (69.3). Dragged down by SCORING, DEF"
"Antonio Reeves","G","NO","https://a.espncdn.com/i/headshots/nba/players/full/4592686.png",58.3436473920475,56.4118440447857,"— Steady","Recent form (58.3) is close to season avg (56.4)"
"Tyler Herro","PG","MIA","https://a.espncdn.com/i/headshots/nba/players/full/4395725.png",58.341410803474,66.9496428309501,"Cold (last 5)","Last 5 avg (58.3) is 12 below season avg (70.3). Dragged down by DISC, DEF"
"Josh Green","SG","CHA","https://a.espncdn.com/i/headshots/nba/players/full/4432811.png",58.1792368880738,55.9062195527747,"— Steady","Recent form (58.2) is close to season avg (55.8)"
"Dillon Brooks","SF","HOU","https://a.espncdn.com/i/headshots/nba/players/full/3155526.png",58.1480203676589,59.2374373289923,"— Steady","Recent form (58.1) is close to season avg (60.9)"
"P.J. Washington","PF","DAL","https://a.espncdn.com/i/headshots/nba/players/full/4278078.png",58.0967396289696,62.2865839094792,"— Steady","Recent form (58.1) is close to season avg (67.1)"
"Micah Potter","C","UTAH","https://a.espncdn.com/i/headshots/nba/players/full/4066399.png",58.0653164599907,55.5888490064978,"— Steady","Recent form (58.1) is close to season avg (58)"
"Lindy Waters III","F","DET","https://a.espncdn.com/i/headshots/nba/players/full/4066317.png",58.0203673636454,63.3517002692702,"— Steady","Recent form (58) is close to season avg (58.2)"
"Donte DiVincenzo","SG","MIN","https://a.espncdn.com/i/headshots/nba/players/full/3934673.png",57.9359338353247,58.9670535245156,"Cold (last 10)","Last 10 avg (59) is 7.5 below season avg (66.4). Dragged down by REB, DEF"
"Keyonte George","G","UTAH","https://a.espncdn.com/i/headshots/nba/players/full/4433627.png",57.9304827418829,56.6539751948998,"— Steady","Recent form (57.9) is close to season avg (61.9)"
"Khris Middleton","SF","WSH","https://a.espncdn.com/i/headshots/nba/players/full/6609.png",57.9161338843336,64.9734436648587,"Cold (last 5)","Last 5 avg (57.9) is 10.5 below season avg (68.4). Dragged down by DISC, DEF"
"Naji Marshall","SF","DAL","https://a.espncdn.com/i/headshots/nba/players/full/4278594.png",57.8692774603898,61.8318836550002,"— Steady","Recent form (57.9) is close to season avg (64.8)"
"Kelly Oubre Jr.","SG","PHI","https://a.espncdn.com/i/headshots/nba/players/full/3133603.png",57.8378704095852,56.5996186882572,"— Steady","Recent form (57.8) is close to season avg (61.9)"
"D'Angelo Russell","PG","BKN","https://a.espncdn.com/i/headshots/nba/players/full/3136776.png",57.780514446421,64.0007864916683,"— Steady","Recent form (57.8) is close to season avg (67)"
"Collin Sexton","G","UTAH","https://a.espncdn.com/i/headshots/nba/players/full/4277811.png",57.6821506554322,60.5652705549187,"— Steady","Recent form (57.7) is close to season avg (62.7)"
"Wendell Carter Jr.","C","ORL","https://a.espncdn.com/i/headshots/nba/players/full/4277847.png",57.6784009405968,62.2690783078034,"— Steady","Recent form (57.7) is close to season avg (65.1)"
"Haywood Highsmith","F","MIA","https://a.espncdn.com/i/headshots/nba/players/full/4291678.png",57.6168071463711,59.6621174115252,"— Steady","Recent form (57.6) is close to season avg (60.8)"
"Julian Champagnie","F","SA","https://a.espncdn.com/i/headshots/nba/players/full/4592479.png",57.6057948430975,56.0272932693802,"— Steady","Recent form (57.6) is close to season avg (61.7)"
"Ryan Rollins","G","MIL","https://a.espncdn.com/i/headshots/nba/players/full/4591725.png",57.5667616061257,63.1476965478359,"— Steady","Recent form (57.6) is close to season avg (62.9)"
"Ayo Dosunmu","SG","CHI","https://a.espncdn.com/i/headshots/nba/players/full/4397002.png",57.5487903466187,62.1968964508767,"— Steady","Recent form (57.5) is close to season avg (64.3)"
"Scoot Henderson","G","POR","https://a.espncdn.com/i/headshots/nba/players/full/4683678.png",57.3920582089186,58.4913235878789,"— Steady","Recent form (57.4) is close to season avg (64.6)"
"AJ Green","G","MIL","https://a.espncdn.com/i/headshots/nba/players/full/4397475.png",57.2325493430186,61.6152854419938,"— Steady","Recent form (57.2) is close to season avg (58.5)"
"Gary Payton II","SG","GS","https://a.espncdn.com/i/headshots/nba/players/full/3134903.png",57.2301833832258,57.2378701215778,"Cold (last 10)","Last 10 avg (57.2) is 7.4 below season avg (64.7). Dragged down by DEF, DISC"
"Sam Hauser","SF","BOS","https://a.espncdn.com/i/headshots/nba/players/full/4065804.png",57.2146114717977,57.1638905466937,"— Steady","Recent form (57.2) is close to season avg (61.9)"
"Nick Richards","C","PHX","https://a.espncdn.com/i/headshots/nba/players/full/4278076.png",57.1434658352866,57.3694069239053,"— Steady","Recent form (57.1) is close to season avg (62.2)"
"Jamison Battle","F","TOR","https://a.espncdn.com/i/headshots/nba/players/full/4431893.png",57.1056454175347,60.8147798821111,"— Steady","Recent form (57.1) is close to season avg (56)"
"Myles Turner","C","IND","https://a.espncdn.com/i/headshots/nba/players/full/3133628.png",57.0745624434817,58.3771051014247,"Cold (last 5)","Last 5 avg (57.1) is 11.4 below season avg (68.4). Dragged down by DISC, SCORING"
"Mike Conley","PG","MIN","https://a.espncdn.com/i/headshots/nba/players/full/3195.png",56.8558419016144,61.3826267106217,"Cold (last 5)","Last 5 avg (56.9) is 10.5 below season avg (67.4). Dragged down by DEF, DISC"
"Austin Reaves","SG","LAL","https://a.espncdn.com/i/headshots/nba/players/full/4066457.png",56.7324926963494,64.9560057751599,"Cold (last 5)","Last 5 avg (56.7) is 13.5 below season avg (70.2). Dragged down by REB, SCORING"
"Dorian Finney-Smith","PF","LAL","https://a.espncdn.com/i/headshots/nba/players/full/2578185.png",56.6432874983326,63.320259365245,"— Steady","Recent form (56.6) is close to season avg (62.9)"
"Kelly Olynyk","PF","NO","https://a.espncdn.com/i/headshots/nba/players/full/2489663.png",56.5933679265568,63.8511524978832,"— Steady","Recent form (56.6) is close to season avg (66.1)"
"Kyle Anderson","SF","MIA","https://a.espncdn.com/i/headshots/nba/players/full/2993874.png",56.5753291462583,65.8876665730924,"— Steady","Recent form (56.6) is close to season avg (65.6)"
"Ty Jerome","SG","CLE","https://a.espncdn.com/i/headshots/nba/players/full/4065733.png",55.883033480482,68.7993846699589,"Cold (last 5)","Last 5 avg (55.9) is 15.4 below season avg (71.2). Dragged down by DEF, SCORING"
"Jose Alvarado","PG","NO","https://a.espncdn.com/i/headshots/nba/players/full/4277869.png",55.8668022425207,60.0633340472424,"— Steady","Recent form (55.9) is close to season avg (65.2)"
"Jordan Hawkins","G","NO","https://a.espncdn.com/i/headshots/nba/players/full/4683750.png",55.8052269946713,53.983763356863,"— Steady","Recent form (55.8) is close to season avg (55.7)"
"Caleb Martin","SF","DAL","https://a.espncdn.com/i/headshots/nba/players/full/3138160.png",55.5199628640758,57.9941848466555,"— Steady","Recent form (55.5) is close to season avg (60.2)"
"Kyle Lowry","PG","PHI","https://a.espncdn.com/i/headshots/nba/players/full/3012.png",55.4586370626955,61.8568886147091,"— Steady","Recent form (55.5) is close to season avg (59)"
"Andrew Wiggins","SF","MIA","https://a.espncdn.com/i/headshots/nba/players/full/3059319.png",55.3770905284778,65.3732155169628,"— Steady","Recent form (55.4) is close to season avg (64.3)"
"Lauri Markkanen","PF","UTAH","https://a.espncdn.com/i/headshots/nba/players/full/4066336.png",55.152131360571,57.2719905564766,"— Steady","Recent form (55.2) is close to season avg (61.8)"
"Dalen Terry","F","CHI","https://a.espncdn.com/i/headshots/nba/players/full/4433159.png",55.0438993572458,60.0605674696581,"— Steady","Recent form (55) is close to season avg (58.1)"
"Noah Clowney","F","BKN","https://a.espncdn.com/i/headshots/nba/players/full/4712896.png",54.8341403681675,56.0036687717633,"— Steady","Recent form (54.8) is close to season avg (55.4)"
"Justin Edwards","F","PHI","https://a.espncdn.com/i/headshots/nba/players/full/4711297.png",54.8028050710957,59.3978474620737,"— Steady","Recent form (54.8) is close to season avg (58.3)"
"Kristaps Porziņģis","C","BOS","https://a.espncdn.com/i/headshots/nba/players/full/3102531.png",54.3946915470157,58.1582645781252,"Cold (last 5)","Last 5 avg (54.4) is 15.4 below season avg (69.8). Dragged down by REB, DEF"
"Peyton Watson","F","DEN","https://a.espncdn.com/i/headshots/nba/players/full/4576087.png",54.3853109181254,63.8339330608602,"— Steady","Recent form (54.4) is close to season avg (63)"
"Pelle Larsson","G","MIA","https://a.espncdn.com/i/headshots/nba/players/full/4601025.png",54.1525976346704,63.8127284680214,"— Steady","Recent form (54.2) is close to season avg (56.9)"
"Desmond Bane","SG","MEM","https://a.espncdn.com/i/headshots/nba/players/full/4066320.png",53.934248110971,63.6413677516538,"Cold (last 5)","Last 5 avg (53.9) is 17.2 below season avg (71.1). Dragged down by IMPACT, PLAY"
"Dean Wade","PF","CLE","https://a.espncdn.com/i/headshots/nba/players/full/3912848.png",53.7701556315805,55.6094288036765,"Cold (last 5)","Last 5 avg (53.8) is 9.7 below season avg (63.5). Dragged down by REB, SCORING"
"Georges Niang","SF","ATL","https://a.espncdn.com/i/headshots/nba/players/full/2990969.png",53.7047876194919,53.582860959271,"Cold (last 10)","Last 10 avg (53.6) is 7.6 below season avg (61.2). Dragged down by IMPACT, REB"
"Rui Hachimura","PF","LAL","https://a.espncdn.com/i/headshots/nba/players/full/4066648.png",53.5568556083411,60.6808897788038,"Cold (last 5)","Last 5 avg (53.6) is 11 below season avg (64.5). Dragged down by SCORING, DISC"
"Jett Howard","G","ORL","https://a.espncdn.com/i/headshots/nba/players/full/5105806.png",53.3153934693255,50.9888245598547,"— Steady","Recent form (53.3) is close to season avg (53.1)"
"Bismack Biyombo","F","SA","https://a.espncdn.com/i/headshots/nba/players/full/6427.png",53.2186736671211,59.4671030399001,"— Steady","Recent form (53.2) is close to season avg (62.4)"
"Johnny Juzang","G","UTAH","https://a.espncdn.com/i/headshots/nba/players/full/4432817.png",53.0585672466152,54.3865979982878,"— Steady","Recent form (53.1) is close to season avg (56.9)"
"Trey Murphy III","SG","NO","https://a.espncdn.com/i/headshots/nba/players/full/4397688.png",53.0133118600202,56.8743643280183,"Cold (last 5)","Last 5 avg (53) is 10.8 below season avg (63.8). Dragged down by DISC, IMPACT"
"Royce O'Neale","PF","PHX","https://a.espncdn.com/i/headshots/nba/players/full/2583632.png",52.7616494213273,51.6181519634516,"Cold (last 5)","Last 5 avg (52.8) is 10.4 below season avg (63.2). Dragged down by PLAY, DISC"
"Jaden Hardy","G","DAL","https://a.espncdn.com/i/headshots/nba/players/full/4868423.png",52.7278483896523,53.5843660358924,"— Steady","Recent form (52.7) is close to season avg (55.3)"
"Klay Thompson","SG","DAL","https://a.espncdn.com/i/headshots/nba/players/full/6475.png",52.6609552560125,55.2938036735666,"Cold (last 10)","Last 10 avg (55.3) is 6.6 below season avg (61.9). Dragged down by DEF, DISC"
"Gradey Dick","G","TOR","https://a.espncdn.com/i/headshots/nba/players/full/5106258.png",52.5280129139959,53.7785020194032,"— Steady","Recent form (52.5) is close to season avg (57.6)"
"Ben Sheppard","G","IND","https://a.espncdn.com/i/headshots/nba/players/full/4433076.png",52.5007017794051,51.7809422471649,"— Steady","Recent form (52.5) is close to season avg (57.2)"
"Kessler Edwards","F","DAL","https://a.espncdn.com/i/headshots/nba/players/full/4397693.png",52.4216374523204,60.8322446490421,"— Steady","Recent form (52.4) is close to season avg (55.7)"
"Miles McBride","PG","NY","https://a.espncdn.com/i/headshots/nba/players/full/4431823.png",52.4074545336014,56.730503955306,"Cold (last 5)","Last 5 avg (52.4) is 11 below season avg (63.4). Dragged down by REB, DEF"
"Kentavious Caldwell-Pope","SG","ORL","https://a.espncdn.com/i/headshots/nba/players/full/2581018.png",52.3385408940498,62.4990576136622,"— Steady","Recent form (52.3) is close to season avg (60.8)"
"Scotty Pippen Jr.","G","MEM","https://a.espncdn.com/i/headshots/nba/players/full/4431785.png",52.2421541882308,59.1195089717474,"Cold (last 5)","Last 5 avg (52.2) is 16.6 below season avg (68.8). Dragged down by REB, SCORING"
"Tim Hardaway Jr.","SF","DET","https://a.espncdn.com/i/headshots/nba/players/full/2528210.png",52.039585041333,53.2113792927501,"— Steady","Recent form (52) is close to season avg (58)"
"Gary Harris","SG","ORL","https://a.espncdn.com/i/headshots/nba/players/full/2999547.png",51.7784827988956,56.2282190599274,"— Steady","Recent form (51.8) is close to season avg (55.2)"
"KJ Simpson","G","CHA","https://a.espncdn.com/i/headshots/nba/players/full/4683834.png",51.7232980598907,58.2061577204235,"— Steady","Recent form (51.7) is close to season avg (57)"
"Jaren Jackson Jr.","PF","MEM","https://a.espncdn.com/i/headshots/nba/players/full/4277961.png",51.4386170499569,57.1477564170347,"Cold (last 5)","Last 5 avg (51.4) is 18 below season avg (69.4). Dragged down by IMPACT, DEF"
"Brook Lopez","C","MIL","https://a.espncdn.com/i/headshots/nba/players/full/3448.png",51.1673993584253,56.6306346063705,"Cold (last 5)","Last 5 avg (51.2) is 15.5 below season avg (66.7). Dragged down by DISC, IMPACT"
"Gabe Vincent","PG","LAL","https://a.espncdn.com/i/headshots/nba/players/full/3137259.png",50.9383227824557,54.7831749277036,"— Steady","Recent form (50.9) is close to season avg (56.1)"
"Taurean Prince","PF","MIL","https://a.espncdn.com/i/headshots/nba/players/full/2990962.png",50.0327579831482,53.1903344556364,"Cold (last 5)","Last 5 avg (50) is 10 below season avg (60). Dragged down by DEF, REB"
"Amir Coffey","F","LAC","https://a.espncdn.com/i/headshots/nba/players/full/4066387.png",49.9116055551819,56.9474310166009,"— Steady","Recent form (49.9) is close to season avg (57.5)"
"Kyle Kuzma","SF","MIL","https://a.espncdn.com/i/headshots/nba/players/full/3134907.png",48.4829738374243,56.1938449422643,"Cold (last 5)","Last 5 avg (48.5) is 9.3 below season avg (57.8). Dragged down by REB, IMPACT"
"Caleb Houstan","G","ORL","https://a.espncdn.com/i/headshots/nba/players/full/4433623.png",47.5474387534176,55.3169741138728,"— Steady","Recent form (47.5) is close to season avg (52.2)"
"Duncan Robinson","F","MIA","https://a.espncdn.com/i/headshots/nba/players/full/3157465.png",46.8020297477537,55.9901834687775,"Cold (last 5)","Last 5 avg (46.8) is 13 below season avg (59.8). Dragged down by REB, DISC"
"AJ Johnson","G","WSH","https://a.espncdn.com/i/headshots/nba/players/full/5170947.png",45.9060888875193,47.4008258278319,"Cold (last 5)","Last 5 avg (45.9) is 11.7 below season avg (57.6). Dragged down by PLAY, IMPACT"
"Cody Williams","F","UTAH","https://a.espncdn.com/i/headshots/nba/players/full/4895758.png",44.1351160933139,45.6614674180212,"— Steady","Recent form (44.1) is close to season avg (50.9)"
