"","idPlayer","namePlayer","slugTeam","dateGame","TOTAL_100","streak_total5","streak_total10","diff5","diff10","hot5","cold5","hot10","cold10","reason","status"
"1",1631101,"Shaedon Sharpe","POR",2025-04-09,80.8925038693352,76.3569682132253,71.366853080024,13.2676696740837,8.27755454088239,TRUE,FALSE,TRUE,FALSE,"Last 5 avg (76.4) is 13.3 above season avg (63.1). Boosted by SCORING, IMPACT","On Fire (last 5)"
"2",1631197,"Jared Rhoden","TOR",2025-04-09,86.9391576663376,77.4968706561268,65.6864071418668,13.1879497980204,1.37748628376032,TRUE,FALSE,FALSE,FALSE,"Last 5 avg (77.5) is 13.2 above season avg (64.3). Boosted by IMPACT, SCORING","On Fire (last 5)"
"3",1641824,"Matas Buzelis","CHI",2025-04-13,80.7540396299611,74.9040106044547,72.9415615984067,12.9606276447289,10.9981786386809,TRUE,FALSE,TRUE,FALSE,"Last 5 avg (74.9) is 13 above season avg (61.9). Boosted by SCORING, DISC","On Fire (last 5)"
"4",1642266,"Ja'Kobe Walter","TOR",2025-04-06,74.3079945654633,71.7172029832536,67.3352210386315,12.7979896387466,8.41600769412453,TRUE,FALSE,TRUE,FALSE,"Last 5 avg (71.7) is 12.8 above season avg (58.9). Boosted by DEF, IMPACT","On Fire (last 5)"
"5",1642281,"Jaylon Tyson","CLE",2025-05-11,76.3549341253691,71.2427943642119,64.8113204655044,12.1536312354312,5.72215733672371,TRUE,FALSE,FALSE,FALSE,"Last 5 avg (71.2) is 12.2 above season avg (59.1). Boosted by PLAY, IMPACT","On Fire (last 5)"
"6",1642367,"Jonathan Mogbo","TOR",2025-04-13,86.7211398801653,74.36141527938,70.1707491471396,11.5303174408059,7.33965130856548,TRUE,FALSE,TRUE,FALSE,"Last 5 avg (74.4) is 11.5 above season avg (62.8). Boosted by PLAY, REB","On Fire (last 5)"
"7",1631243,"Mouhamed Gueye","ATL",2025-04-13,72.2314260943908,79.1058201311037,72.891799645044,11.3393244500025,5.12530396394277,TRUE,FALSE,FALSE,FALSE,"Last 5 avg (79.1) is 11.3 above season avg (67.8). Boosted by REB, DISC","On Fire (last 5)"
"8",1630592,"Jalen Wilson","BKN",2025-04-13,64.9946145149926,68.0881653506847,62.1939362758446,10.6697994062754,4.77557033143529,TRUE,FALSE,FALSE,FALSE,"Last 5 avg (68.1) is 10.7 above season avg (57.4). Boosted by PLAY, SCORING","On Fire (last 5)"
"9",1631200,"Kris Murray","POR",2025-04-13,79.8207721647443,69.9369793827922,55.1671905901667,10.6258270234267,-4.14396176919881,TRUE,FALSE,FALSE,FALSE,"Last 5 avg (69.9) is 10.6 above season avg (59.3). Boosted by IMPACT, REB","On Fire (last 5)"
"10",1630200,"Tre Jones","CHI",2025-03-20,79.4333185651514,79.3095677372225,75.7530066423937,10.578982613481,7.02242151865218,TRUE,FALSE,FALSE,FALSE,"Last 5 avg (79.3) is 10.6 above season avg (68.7). Boosted by IMPACT, SCORING","On Fire (last 5)"
"11",202696,"Nikola Vučević","CHI",2025-04-13,67.5871362409068,83.7344315500238,78.0847031514402,10.5186233219986,4.86889492341501,FALSE,FALSE,FALSE,FALSE,"Recent form (83.7) is close to season avg (73.2)","— Steady"
"12",1641712,"Rayan Rupert","POR",2025-04-13,67.7276861383235,62.9156788639278,54.4090396095681,10.3203933999766,1.81375414561686,TRUE,FALSE,FALSE,FALSE,"Last 5 avg (62.9) is 10.3 above season avg (52.6). Boosted by SCORING, REB","On Fire (last 5)"
"13",1630166,"Deni Avdija","POR",2025-04-04,77.0213141207196,77.8743579753403,77.2335475207982,10.0302466093718,9.38943615482975,FALSE,FALSE,TRUE,FALSE,"Last 10 avg (77.2) is 9.4 above season avg (67.8). Boosted by REB, DISC","On Fire (last 10)"
"14",1630581,"Josh Giddey","CHI",2025-04-09,93.5068502905258,84.947660285446,83.6439325521346,9.83110590325767,8.52737816994618,FALSE,FALSE,TRUE,FALSE,"Last 10 avg (83.6) is 8.5 above season avg (75.1). Boosted by IMPACT, PLAY","On Fire (last 10)"
"15",1630172,"Patrick Williams","CHI",2025-04-13,86.3554454589975,70.0260533322716,61.7032354223487,9.60147485211618,1.27865694219332,TRUE,FALSE,FALSE,FALSE,"Last 5 avg (70) is 9.6 above season avg (60.4). Boosted by IMPACT, PLAY","On Fire (last 5)"
"16",1642346,"Ryan Dunn","PHX",2025-04-13,80.9061322789175,68.9462185940318,57.6711412227475,8.99713339325311,-2.27794397803115,TRUE,FALSE,FALSE,FALSE,"Last 5 avg (68.9) is 9 above season avg (59.9). Boosted by REB, IMPACT","On Fire (last 5)"
"17",1631103,"Malaki Branham","SAS",2025-04-13,79.7124300824775,65.880486513041,66.835550572634,8.85942469636261,9.81448875595567,TRUE,FALSE,TRUE,FALSE,"Last 5 avg (65.9) is 8.9 above season avg (57). Boosted by SCORING, IMPACT","On Fire (last 5)"
"18",1630249,"Vít Krejčí","ATL",2025-04-13,92.9264626323658,71.8163426305222,68.2862515034881,8.73620461182606,5.20611348479195,FALSE,FALSE,FALSE,FALSE,"Recent form (71.8) is close to season avg (63.1)","— Steady"
"19",1630314,"Brandon Williams","DAL",2025-04-13,61.9371267990186,70.765866099734,71.470052863403,8.48700348963938,9.19119025330843,FALSE,FALSE,TRUE,FALSE,"Last 10 avg (71.5) is 9.2 above season avg (62.3). Boosted by REB, DEF","On Fire (last 10)"
"20",1642347,"Jamal Shead","TOR",2025-04-13,64.5142765061808,69.4059886668186,71.5334149546054,7.84266042982781,9.97008671761461,FALSE,FALSE,TRUE,FALSE,"Last 10 avg (71.5) is 10 above season avg (61.6). Boosted by PLAY, REB","On Fire (last 10)"
"21",1641763,"Julian Phillips","CHI",2025-04-13,84.1900920616867,65.891381177019,59.6515930979792,7.6014670455881,1.36167896654827,FALSE,FALSE,FALSE,FALSE,"Recent form (65.9) is close to season avg (58.3)","— Steady"
"22",1630811,"Keaton Wallace","ATL",2025-04-13,91.6451243772566,68.4479173261824,64.2225814652318,7.46765614935105,3.24232028840047,FALSE,FALSE,FALSE,FALSE,"Recent form (68.4) is close to season avg (61)","— Steady"
"23",1641731,"Bilal Coulibaly","WAS",2025-03-10,67.5441514177927,66.6393983092083,62.8579536086386,7.3408266994821,3.55938199891233,FALSE,FALSE,FALSE,FALSE,"Recent form (66.6) is close to season avg (59.3)","— Steady"
"24",1642273,"Kyshawn George","WAS",2025-04-13,58.1177842138496,66.7200125197457,64.680686941881,7.19468818360149,5.15536260573674,FALSE,FALSE,FALSE,FALSE,"Recent form (66.7) is close to season avg (59.5)","— Steady"
"25",1630193,"Immanuel Quickley","TOR",2025-04-09,67.3161509914358,76.5230514819702,76.6741852928311,7.14450239026684,7.29563620112776,FALSE,FALSE,TRUE,FALSE,"Last 10 avg (76.7) is 7.3 above season avg (69.4). Boosted by IMPACT, DISC","On Fire (last 10)"
"26",1631245,"Quenton Jackson","IND",2025-04-13,80.2789303939763,66.817951354546,65.1858159123341,7.03337297661312,5.40123753440129,FALSE,FALSE,FALSE,FALSE,"Recent form (66.8) is close to season avg (59.8)","— Steady"
"27",203084,"Harrison Barnes","SAS",2025-04-13,73.0730912473991,70.4387418244208,66.406804942736,6.99907300737441,2.96713612568956,FALSE,FALSE,FALSE,FALSE,"Recent form (70.4) is close to season avg (63.4)","— Steady"
"28",1630658,"Colin Castleton","TOR",2025-04-13,49.0297930078542,65.24840609803,60.5913471436349,6.86706790923239,2.21000895483731,FALSE,FALSE,FALSE,FALSE,"Recent form (65.2) is close to season avg (58.4)","— Steady"
"29",1642377,"Jaylen Wells","MEM",2025-04-08,86.3811759179637,68.4966487987689,63.8184325091152,6.82392552566964,2.14570923601598,FALSE,FALSE,FALSE,FALSE,"Recent form (68.5) is close to season avg (61.7)","— Steady"
"30",203486,"Mason Plumlee","PHX",2025-04-13,54.5719908657431,73.9301936025313,66.9169965995584,6.38528268280024,-0.627914320172692,FALSE,FALSE,FALSE,FALSE,"Recent form (73.9) is close to season avg (67.5)","— Steady"
"31",203552,"Seth Curry","CHA",2025-04-11,65.8538768191194,62.2849094723418,57.8311159011533,6.36994471824148,1.91615114705294,FALSE,FALSE,FALSE,FALSE,"Recent form (62.3) is close to season avg (55.9)","— Steady"
"32",1631097,"Bennedict Mathurin","IND",2025-06-22,68.3233152168758,67.8804366255405,61.8004900202906,6.32193643812009,0.241989832870146,FALSE,FALSE,FALSE,FALSE,"Recent form (67.9) is close to season avg (61.6)","— Steady"
"33",1627763,"Malcolm Brogdon","WAS",2025-02-12,71.6439066761869,70.1119935591167,67.4552830032715,6.30333732505842,3.64662676921327,FALSE,FALSE,FALSE,FALSE,"Recent form (70.1) is close to season avg (63.8)","— Steady"
"34",1631213,"Tyrese Martin","BKN",2025-04-13,56.4358154498093,65.6541668451257,60.7852863814279,6.0540945253001,1.1852140616023,FALSE,FALSE,FALSE,FALSE,"Recent form (65.7) is close to season avg (59.6)","— Steady"
"35",1642270,"Donovan Clingan","POR",2025-04-13,91.8645298279732,76.3730275655237,74.1424567007892,5.84952720799733,3.61895634326277,FALSE,FALSE,FALSE,FALSE,"Recent form (76.4) is close to season avg (70.5)","— Steady"
"36",1629632,"Coby White","CHI",2025-04-13,50.2224193908035,71.1916114879291,70.7037770730528,5.8481385993808,5.36030418450449,FALSE,FALSE,FALSE,FALSE,"Recent form (71.2) is close to season avg (65.3)","— Steady"
"37",1629111,"Jock Landale","HOU",2025-04-30,43.5286525148994,68.3244698604999,69.1550746692169,5.81697921016145,6.64758401887845,FALSE,FALSE,FALSE,FALSE,"Recent form (68.3) is close to season avg (62.5)","— Steady"
"38",1630288,"Jeff Dowtin Jr.","PHI",2025-04-11,43.8102700964371,66.3424997605416,67.8159794691358,5.80188670599198,7.27536641458612,FALSE,FALSE,TRUE,FALSE,"Last 10 avg (67.8) is 7.3 above season avg (60.5). Boosted by DISC, PLAY","On Fire (last 10)"
"39",1631099,"Keegan Murray","SAC",2025-04-13,69.8446444479274,70.2922388629422,66.1417949280099,5.66262453526895,1.51218060033668,FALSE,FALSE,FALSE,FALSE,"Recent form (70.3) is close to season avg (64.6)","— Steady"
"40",1629004,"Svi Mykhailiuk","UTA",2025-04-13,63.5666535138883,64.1688242815014,54.8976313659516,5.65977437254681,-3.611418543003,FALSE,FALSE,FALSE,FALSE,"Recent form (64.2) is close to season avg (58.5)","— Steady"
"41",1628989,"Kevin Huerter","CHI",2025-04-13,66.3214547415627,68.6686998710475,69.3505419706136,5.53087824360586,6.21272034317196,FALSE,FALSE,FALSE,FALSE,"Recent form (68.7) is close to season avg (63.1)","— Steady"
"42",1630570,"Trendon Watford","BKN",2025-04-13,73.7499389159767,67.1759911007578,61.0679617524535,5.25157848306499,-0.856450865239353,FALSE,FALSE,FALSE,FALSE,"Recent form (67.2) is close to season avg (61.9)","— Steady"
"43",1630553,"Keon Johnson","BKN",2025-04-13,54.6299307471144,63.8441023913109,59.6842753514004,5.23130182807397,1.0714747881635,FALSE,FALSE,FALSE,FALSE,"Recent form (63.8) is close to season avg (58.6)","— Steady"
"44",1629628,"RJ Barrett","TOR",2025-04-09,66.8103293451181,74.1721857503606,71.2721581509325,5.21534447342886,2.31531687400081,FALSE,FALSE,FALSE,FALSE,"Recent form (74.2) is close to season avg (69)","— Steady"
"45",1631221,"Collin Gillespie","PHX",2025-04-13,66.3307661584765,70.383576199071,65.7656819620064,5.14269065332095,0.524796416256336,FALSE,FALSE,FALSE,FALSE,"Recent form (70.4) is close to season avg (65.2)","— Steady"
"46",1631093,"Jaden Ivey","DET",2025-01-01,74.3686870943413,69.12213071871,61.5154292491921,4.9522047015361,-2.65449676798183,FALSE,FALSE,FALSE,FALSE,"Recent form (69.1) is close to season avg (64.2)","— Steady"
"47",1641736,"Reece Beekman","BKN",2025-04-11,64.7448579548401,62.2165441062934,58.1044611383948,4.72197059877426,0.60988763087569,FALSE,FALSE,FALSE,FALSE,"Recent form (62.2) is close to season avg (57.5)","— Steady"
"48",202684,"Tristan Thompson","CLE",2025-05-11,72.5693038356884,64.4886485321243,62.0396030524214,4.68730773617037,2.23826225646747,FALSE,FALSE,FALSE,FALSE,"Recent form (64.5) is close to season avg (59.8)","— Steady"
"49",1642274,"Yves Missi","NOP",2025-04-08,50.0443057556539,67.5952449119353,64.5108759767404,4.68704474298278,1.60267580778789,FALSE,FALSE,FALSE,FALSE,"Recent form (67.6) is close to season avg (62.9)","— Steady"
"50",1641733,"Nick Smith Jr.","CHA",2025-04-11,69.7406251747766,59.5185361292803,54.6892929785837,4.65352728525401,-0.175715865442619,FALSE,FALSE,FALSE,FALSE,"Recent form (59.5) is close to season avg (54.9)","— Steady"
"51",1630534,"Ochai Agbaji","TOR",2025-04-13,57.8210118253342,66.6102217967259,64.3406213227951,4.596554961885,2.32695448795416,FALSE,FALSE,FALSE,FALSE,"Recent form (66.6) is close to season avg (62)","— Steady"
"52",1629651,"Nic Claxton","BKN",2025-04-13,55.7919355913784,70.0448990610295,66.0782922279643,4.44102634873875,0.474419515673574,FALSE,FALSE,FALSE,FALSE,"Recent form (70) is close to season avg (65.6)","— Steady"
"53",1629650,"Moses Brown","DAL",2025-03-01,57.2785369330153,66.0528842166408,61.0445328247929,4.40240411784549,-0.605947274002425,FALSE,FALSE,FALSE,FALSE,"Recent form (66.1) is close to season avg (61.7)","— Steady"
"54",1630215,"Jared Butler","PHI",2025-04-13,59.1520357323588,69.4892521482801,68.8362614347858,4.39825931267616,3.74526859918193,FALSE,FALSE,FALSE,FALSE,"Recent form (69.5) is close to season avg (65.1)","— Steady"
"55",1641729,"Brice Sensabaugh","UTA",2025-04-13,69.1485422250401,63.0826684081675,62.5017903190641,4.27981874674051,3.69894065763715,FALSE,FALSE,FALSE,FALSE,"Recent form (63.1) is close to season avg (58.8)","— Steady"
"56",1641783,"Tristan da Silva","ORL",2025-04-29,69.066392421152,63.7100173298902,58.8882052573383,4.20181917902201,-0.619992893529869,FALSE,FALSE,FALSE,FALSE,"Recent form (63.7) is close to season avg (59.5)","— Steady"
"57",1630542,"Marcus Bagley","PHI",2025-04-13,59.0640283871285,64.821762032793,60.6904470344522,4.13131499834081,0,FALSE,FALSE,FALSE,FALSE,"Recent form (64.8) is close to season avg (60.7)","— Steady"
"58",1627783,"Pascal Siakam","IND",2025-06-22,60.0754673853173,76.5038890420072,74.5047514652576,4.06881348442607,2.06967590767643,FALSE,FALSE,FALSE,FALSE,"Recent form (76.5) is close to season avg (72.4)","— Steady"
"59",1642269,"Devin Carter","SAC",2025-04-13,62.3287781313804,64.8950972320682,60.6758751287326,4.02807436335455,-0.191147739981069,FALSE,FALSE,FALSE,FALSE,"Recent form (64.9) is close to season avg (60.9)","— Steady"
"60",1628971,"Bruce Brown","NOP",2025-04-08,54.9125443764409,62.841907865257,60.5754870882681,3.9710143396271,1.70459356263817,FALSE,FALSE,FALSE,FALSE,"Recent form (62.8) is close to season avg (58.9)","— Steady"
"61",1627824,"Guerschon Yabusele","PHI",2025-04-05,78.0322408532554,68.0132219090607,66.4323790848628,3.93855320812777,2.35771038392991,FALSE,FALSE,FALSE,FALSE,"Recent form (68) is close to season avg (64.1)","— Steady"
"62",1641739,"Toumani Camara","POR",2025-04-13,88.8964236997936,68.3745270579022,67.6043512395083,3.89595096470778,3.1257751463139,FALSE,FALSE,FALSE,FALSE,"Recent form (68.4) is close to season avg (64.5)","— Steady"
"63",1642267,"Bub Carrington","WAS",2025-04-13,71.728048575349,62.3639653982926,64.5542396190838,3.77181601692457,5.96209023771574,FALSE,FALSE,FALSE,FALSE,"Recent form (62.4) is close to season avg (58.6)","— Steady"
"64",202692,"Alec Burks","MIA",2025-04-20,63.0288535766208,64.3384662706566,62.9833406852565,3.7174672818308,2.36234169643065,FALSE,FALSE,FALSE,FALSE,"Recent form (64.3) is close to season avg (60.6)","— Steady"
"65",1630551,"Justin Champagnie","WAS",2025-04-13,74.4820206954079,67.3645444924829,66.8465685549954,3.68800006068573,3.17002412319822,FALSE,FALSE,FALSE,FALSE,"Recent form (67.4) is close to season avg (63.7)","— Steady"
"66",1629027,"Trae Young","ATL",2025-04-11,86.8305375898482,79.1670099623806,78.1125397182108,3.6600140897513,2.60554384558152,FALSE,FALSE,FALSE,FALSE,"Recent form (79.2) is close to season avg (75.5)","— Steady"
"67",1631165,"Keon Ellis","SAC",2025-04-13,76.4689478431683,68.0409188665389,65.8820777820431,3.53851725234081,1.37967616784509,FALSE,FALSE,FALSE,FALSE,"Recent form (68) is close to season avg (64.5)","— Steady"
"68",1629669,"Jaylen Nowell","NOP",2024-11-19,39.1002435720657,59.4245566291329,NA,3.50575312265249,NA,FALSE,FALSE,NA,NA,"Recent form (59.4) is close to season avg (55.9)","— Steady"
"69",1630560,"Cam Thomas","BKN",2025-03-13,79.1245564498828,66.0905263904733,66.1290980933643,3.40240068324248,3.44097238613352,FALSE,FALSE,FALSE,FALSE,"Recent form (66.1) is close to season avg (62.7)","— Steady"
"70",1631246,"Vince Williams Jr.","MEM",2025-04-26,75.4701073152218,65.9245741884814,63.6981029339731,3.33172613712518,1.1052548826169,FALSE,FALSE,FALSE,FALSE,"Recent form (65.9) is close to season avg (62.6)","— Steady"
"71",1642258,"Zaccharie Risacher","ATL",2025-04-13,58.6329259182913,63.5664097547556,59.3836504950796,3.25967128827597,-0.923087971399951,FALSE,FALSE,FALSE,FALSE,"Recent form (63.6) is close to season avg (60.3)","— Steady"
"72",203901,"Elfrid Payton","NOP",2025-04-13,58.7055347018768,67.0974106708244,69.1070189623254,3.24031176139511,5.24992005289607,FALSE,FALSE,FALSE,FALSE,"Recent form (67.1) is close to season avg (63.9)","— Steady"
"73",1627747,"Caris LeVert","ATL",2025-04-11,88.1653442596497,72.2074215893062,66.8743608502655,3.19383268758867,-2.13922805145201,FALSE,FALSE,FALSE,FALSE,"Recent form (72.2) is close to season avg (69)","— Steady"
"74",1630533,"Ziaire Williams","BKN",2025-04-10,50.9206903770229,62.2396486314277,56.1701537950974,3.0727958968895,-2.9966989394408,FALSE,FALSE,FALSE,FALSE,"Recent form (62.2) is close to season avg (59.2)","— Steady"
"75",1631133,"Jabari Walker","POR",2025-04-13,54.2930328352907,64.5647490161346,61.9632494468031,3.06858763549985,0.467088066168358,FALSE,FALSE,FALSE,FALSE,"Recent form (64.6) is close to season avg (61.5)","— Steady"
"76",203468,"CJ McCollum","NOP",2025-03-23,81.9498617739917,66.4020568655523,62.1344290005574,3.03682769495477,-1.23080017004006,FALSE,FALSE,FALSE,FALSE,"Recent form (66.4) is close to season avg (63.4)","— Steady"
"77",1642264,"Stephon Castle","SAS",2025-04-13,64.3386279062305,66.6920011976325,66.0086496035691,2.96166542692568,2.27831383286225,FALSE,FALSE,FALSE,FALSE,"Recent form (66.7) is close to season avg (63.7)","— Steady"
"78",1631288,"Jamal Cain","NOP",2025-04-13,56.7534744352399,60.2172977687719,55.0865128217072,2.90653452784296,-2.22425041922175,FALSE,FALSE,FALSE,FALSE,"Recent form (60.2) is close to season avg (57.3)","— Steady"
"79",1630549,"Day'Ron Sharpe","BKN",2025-03-24,81.8910597822587,74.851671578467,75.4358403284353,2.90237135968486,3.48654010965316,FALSE,FALSE,FALSE,FALSE,"Recent form (74.9) is close to season avg (71.9)","— Steady"
"80",1631217,"Moussa Diabaté","CHA",2025-04-13,68.2686950612337,68.0207420431136,67.1711109421687,2.74421214076996,1.89458103982501,FALSE,FALSE,FALSE,FALSE,"Recent form (68) is close to season avg (65.3)","— Steady"
"81",203991,"Clint Capela","ATL",2025-03-10,84.6123485355739,72.2846595229707,66.8549771125072,2.73119405507069,-2.69848835539284,FALSE,FALSE,FALSE,FALSE,"Recent form (72.3) is close to season avg (69.6)","— Steady"
"82",1628369,"Jayson Tatum","BOS",2025-05-12,78.7134067420456,80.0612092874858,79.3490818818171,2.63597421988887,1.92384681422018,FALSE,FALSE,FALSE,FALSE,"Recent form (80.1) is close to season avg (77.4)","— Steady"
"83",1627749,"Dejounte Murray","NOP",2025-01-31,58.3021054181173,72.674598471486,73.624841999586,2.58773217857811,3.53797570667805,FALSE,FALSE,FALSE,FALSE,"Recent form (72.7) is close to season avg (70.1)","— Steady"
"84",1627751,"Jakob Poeltl","TOR",2025-04-04,63.3964755552969,73.6534423278764,78.4006783598656,2.55205405305433,7.29929008504352,FALSE,FALSE,TRUE,FALSE,"Last 10 avg (78.4) is 7.3 above season avg (71.1). Boosted by DEF, REB","On Fire (last 10)"
"85",1631104,"Blake Wesley","SAS",2025-04-13,60.9784126764726,63.6773058379559,58.6687171353297,2.52898225887459,-2.47960644375161,FALSE,FALSE,FALSE,FALSE,"Recent form (63.7) is close to season avg (61.1)","— Steady"
"86",1629661,"Cameron Johnson","BKN",2025-03-29,85.6954849678082,68.7655676257338,71.8620455182742,2.51661895722945,5.61309684976987,FALSE,FALSE,FALSE,FALSE,"Recent form (68.8) is close to season avg (66.2)","— Steady"
"87",1629611,"Terance Mann","ATL",2025-04-13,68.9366897274429,64.3473426133369,68.7697707561708,2.51196818927467,6.93439633210849,FALSE,FALSE,TRUE,FALSE,"Last 10 avg (68.8) is 6.9 above season avg (61.8). Boosted by PLAY, DISC","On Fire (last 10)"
"88",1626168,"Trey Lyles","SAC",2025-04-13,64.144371643297,65.4177320175576,61.2405017561092,2.44124590530605,-1.73598435614234,FALSE,FALSE,FALSE,FALSE,"Recent form (65.4) is close to season avg (63)","— Steady"
"89",1630182,"Josh Green","CHA",2025-04-02,48.6547848118296,58.1792368880738,55.9062195527747,2.42358659963713,0.150569264338024,FALSE,FALSE,FALSE,FALSE,"Recent form (58.2) is close to season avg (55.8)","— Steady"
"90",201587,"Nicolas Batum","LAC",2025-05-03,45.8284100527177,63.3036264720281,63.0990645100277,2.34158412198902,2.13702215998857,FALSE,FALSE,FALSE,FALSE,"Recent form (63.3) is close to season avg (61)","— Steady"
"91",1642259,"Alex Sarr","WAS",2025-04-13,85.4429683929938,65.5592728887199,61.1210837740223,2.34039120216924,-2.09779791252834,FALSE,FALSE,FALSE,FALSE,"Recent form (65.6) is close to season avg (63.2)","— Steady"
"92",1642268,"Isaiah Collier","UTA",2025-04-06,72.8641758082084,65.6406180878171,63.6257478212479,2.32713651033458,0.312266243765343,FALSE,FALSE,FALSE,FALSE,"Recent form (65.6) is close to season avg (63.3)","— Steady"
"93",203924,"Jerami Grant","POR",2025-03-09,48.8586574527256,61.134027014046,58.4169202661612,2.31665822205467,-0.400448525830114,FALSE,FALSE,FALSE,FALSE,"Recent form (61.1) is close to season avg (58.8)","— Steady"
"94",1626204,"Larry Nance Jr.","ATL",2025-02-10,57.564299373518,66.7046239210704,60.7832493714939,2.28630192005137,-3.63507262952508,FALSE,FALSE,FALSE,FALSE,"Recent form (66.7) is close to season avg (64.4)","— Steady"
"95",1629057,"Robert Williams III","POR",2025-02-20,76.6214201365692,72.3168450645922,68.522936679213,2.27397202278192,-1.51993636259725,FALSE,FALSE,FALSE,FALSE,"Recent form (72.3) is close to season avg (70)","— Steady"
"96",202331,"Paul George","PHI",2025-03-04,74.3732137169224,69.5695783520827,65.3744860101102,2.148192449543,-2.04689989242944,FALSE,FALSE,FALSE,FALSE,"Recent form (69.6) is close to season avg (67.4)","— Steady"
"97",1631306,"Cole Swider","TOR",2025-04-09,75.9125491243271,59.8371280720659,57.7206756337168,2.11645243834901,0,FALSE,FALSE,FALSE,FALSE,"Recent form (59.8) is close to season avg (57.7)","— Steady"
"98",1629022,"Lonnie Walker IV","PHI",2025-04-13,61.2485837400747,60.6201404931214,61.9073165486182,2.09824640759552,3.38542246309236,FALSE,FALSE,FALSE,FALSE,"Recent form (60.6) is close to season avg (58.5)","— Steady"
"99",1630165,"Killian Hayes","BKN",2025-03-01,48.6608594156421,66.3273888029563,NA,2.0918941646097,NA,FALSE,FALSE,NA,NA,"Recent form (66.3) is close to season avg (64.2)","— Steady"
"100",1629018,"Gary Trent Jr.","MIL",2025-04-29,67.4281552182253,62.1923851832362,63.3685574664458,2.042989467583,3.21916175079259,FALSE,FALSE,FALSE,FALSE,"Recent form (62.2) is close to season avg (60.1)","— Steady"
"101",1641810,"Antonio Reeves","NOP",2025-04-13,50.7000507362978,58.3436473920475,56.4118440447857,1.94468621376466,0.0128828665028138,FALSE,FALSE,FALSE,FALSE,"Recent form (58.3) is close to season avg (56.4)","— Steady"
"102",201569,"Eric Gordon","PHI",2025-02-09,41.6750292763053,60.6698060931877,64.9389797464029,1.92578620803525,6.19495986125046,FALSE,FALSE,TRUE,FALSE,"Last 10 avg (64.9) is 6.2 above season avg (58.7). Boosted by DISC, PLAY","On Fire (last 10)"
"103",1630557,"Corey Kispert","WAS",2025-03-15,52.7258276974778,59.9834265326265,59.0520056133581,1.86337388178675,0.931952962518295,FALSE,FALSE,FALSE,FALSE,"Recent form (60) is close to season avg (58.1)","— Steady"
"104",1630700,"Dyson Daniels","ATL",2025-04-11,87.3562509995475,75.2713142880236,76.1712395752893,1.81114483296437,2.71107012023003,FALSE,FALSE,FALSE,FALSE,"Recent form (75.3) is close to season avg (73.5)","— Steady"
"105",1631204,"Marcus Sasser","DET",2025-04-13,65.0491519266636,65.6112191593621,67.3543673798725,1.79575988832462,3.53890810883503,FALSE,FALSE,FALSE,FALSE,"Recent form (65.6) is close to season avg (63.8)","— Steady"
"106",1631255,"Karlo Matković","NOP",2025-04-10,54.9874721816998,67.8185574616388,69.2962808472334,1.74713577598864,3.22485916158321,FALSE,FALSE,FALSE,FALSE,"Recent form (67.8) is close to season avg (66.1)","— Steady"
"107",203932,"Aaron Gordon","DEN",2025-05-18,58.329068645807,71.0694649154842,69.2442517237153,1.61035959579554,-0.214853595973366,FALSE,FALSE,FALSE,FALSE,"Recent form (71.1) is close to season avg (69.5)","— Steady"
"108",1628384,"OG Anunoby","NYK",2025-05-31,69.3303156401643,68.2965150608068,63.0754459762264,1.61012953721688,-3.61093954736352,FALSE,FALSE,FALSE,FALSE,"Recent form (68.3) is close to season avg (66.7)","— Steady"
"109",1629659,"Talen Horton-Tucker","CHI",2025-04-13,86.7534136417605,59.72191689349,60.7682256584575,1.5364296104093,2.58273837537675,FALSE,FALSE,FALSE,FALSE,"Recent form (59.7) is close to season avg (58.2)","— Steady"
"110",1642272,"Jared McCain","PHI",2024-12-13,45.0374668029186,63.9605767077545,60.5174818667596,1.51880512203863,-1.9242897189563,FALSE,FALSE,FALSE,FALSE,"Recent form (64) is close to season avg (62.4)","— Steady"
"111",1631301,"Jaylen Sims","CHA",2025-04-13,57.3090318543754,54.8449450700827,NA,1.48497061904676,NA,FALSE,FALSE,NA,NA,"Recent form (54.8) is close to season avg (53.4)","— Steady"
"112",1630639,"A.J. Lawson","TOR",2025-04-13,48.5777937576793,62.8103598377714,64.536497558639,1.48179607430733,3.20793379517492,FALSE,FALSE,FALSE,FALSE,"Recent form (62.8) is close to season avg (61.3)","— Steady"
"113",1630539,"Kai Jones","DAL",2025-04-13,59.9216845745231,65.348587568261,72.1673211480804,1.4347816544126,8.25351523423193,FALSE,FALSE,TRUE,FALSE,"Last 10 avg (72.2) is 8.3 above season avg (63.9). Boosted by SCORING, PLAY","On Fire (last 10)"
"114",204456,"T.J. McConnell","IND",2025-06-22,52.2161145168608,71.9485872779998,71.2468724351074,1.37089610213565,0.66918125924326,FALSE,FALSE,FALSE,FALSE,"Recent form (71.9) is close to season avg (70.6)","— Steady"
"115",1626179,"Terry Rozier","MIA",2025-04-13,48.5515434091911,61.9983099711772,60.3175316847949,1.3076167273712,-0.373161559011116,FALSE,FALSE,FALSE,FALSE,"Recent form (62) is close to season avg (60.7)","— Steady"
"116",1629656,"Quentin Grimes","PHI",2025-04-13,45.5552680723178,63.9823302776405,63.1336648648325,1.28889956411908,0.440234151311117,FALSE,FALSE,FALSE,FALSE,"Recent form (64) is close to season avg (62.7)","— Steady"
"117",1642271,"Kyle Filipowski","UTA",2025-04-13,51.6395291410891,64.4845796444485,62.0478476027163,1.2618342238493,-1.17489781788289,FALSE,FALSE,FALSE,FALSE,"Recent form (64.5) is close to season avg (63.2)","— Steady"
"118",1627734,"Domantas Sabonis","SAC",2025-04-13,95.3480563405356,79.4505092965526,77.176377914256,1.21350152889448,-1.06062985340212,FALSE,FALSE,FALSE,FALSE,"Recent form (79.5) is close to season avg (78.2)","— Steady"
"119",1641787,"Tosan Evbuomwan","BKN",2025-04-13,52.472743296642,62.2343922539084,61.3438749455227,1.16559892575172,0.275081617366013,FALSE,FALSE,FALSE,FALSE,"Recent form (62.2) is close to season avg (61.1)","— Steady"
"120",1642419,"Jamison Battle","TOR",2025-04-13,59.9775680092859,57.1056454175347,60.8147798821111,1.13997850640902,4.84911297098547,FALSE,FALSE,FALSE,FALSE,"Recent form (57.1) is close to season avg (56)","— Steady"
"121",1641706,"Brandon Miller","CHA",2025-01-15,75.0845707224794,63.7443804076473,59.7663634388243,1.04857693992772,-2.9294400288953,FALSE,FALSE,FALSE,FALSE,"Recent form (63.7) is close to season avg (62.7)","— Steady"
"122",1631131,"Oscar Tshiebwe","UTA",2025-04-13,88.3358780704029,69.2805159347225,68.9281580370399,1.02797169147846,0.675613793795833,FALSE,FALSE,FALSE,FALSE,"Recent form (69.3) is close to season avg (68.3)","— Steady"
"123",1641737,"Adem Bona","PHI",2025-04-13,57.6726267695213,63.4959430656115,65.2936036501108,0.907933402995326,2.70559398749459,FALSE,FALSE,FALSE,FALSE,"Recent form (63.5) is close to season avg (62.6)","— Steady"
"124",1630526,"Jeremiah Robinson-Earl","NOP",2025-04-13,69.4623750782743,62.7165979558368,63.8869073283014,0.890988171273953,2.06129754373853,FALSE,FALSE,FALSE,FALSE,"Recent form (62.7) is close to season avg (61.8)","— Steady"
"125",1641798,"Jaylen Martin","WAS",2025-04-09,52.1132320238349,53.8424737057663,54.2474578962377,0.837790125239408,1.24277431571081,FALSE,FALSE,FALSE,FALSE,"Recent form (53.8) is close to season avg (53)","— Steady"
"126",1641871,"Duop Reath","POR",2025-04-11,55.1808296747589,59.1860125598379,62.1606712524873,0.818855353827232,3.79351404647666,FALSE,FALSE,FALSE,FALSE,"Recent form (59.2) is close to season avg (58.4)","— Steady"
"127",202066,"Garrett Temple","TOR",2025-04-13,56.705778018815,58.7037000877874,60.0542435030261,0.708282346063115,2.05882576130188,FALSE,FALSE,FALSE,FALSE,"Recent form (58.7) is close to season avg (58)","— Steady"
"128",1626153,"Delon Wright","NYK",2025-05-31,42.5279076273139,60.6840429680549,62.7107920795431,0.6440703173039,2.67081942879213,FALSE,FALSE,FALSE,FALSE,"Recent form (60.7) is close to season avg (60)","— Steady"
"129",1628449,"Chris Boucher","TOR",2025-02-26,48.2868806234274,66.0443383828459,62.9974401312126,0.603722062335692,-2.44317618929754,FALSE,FALSE,FALSE,FALSE,"Recent form (66) is close to season avg (65.4)","— Steady"
"130",203935,"Marcus Smart","WAS",2025-04-03,64.4698885694889,66.769677459416,66.9556251001702,0.541025436434083,0.726973077188305,FALSE,FALSE,FALSE,FALSE,"Recent form (66.8) is close to season avg (66.2)","— Steady"
"131",1630558,"Davion Mitchell","MIA",2025-04-28,39.1386142831066,65.2981595529204,70.2072360422175,0.521504555331902,5.43058104462901,FALSE,FALSE,FALSE,FALSE,"Recent form (65.3) is close to season avg (64.8)","— Steady"
"132",203897,"Zach LaVine","SAC",2025-04-13,61.2638149512282,66.6125030908342,61.7762569092765,0.425700524742922,-4.41054565681479,FALSE,FALSE,FALSE,FALSE,"Recent form (66.6) is close to season avg (66.2)","— Steady"
"133",1629634,"Brandon Clarke","MEM",2025-03-19,45.6594813188553,67.697230185573,68.8806468097507,0.412257701547148,1.59567432572493,FALSE,FALSE,FALSE,FALSE,"Recent form (67.7) is close to season avg (67.3)","— Steady"
"134",1631166,"Drew Timme","BKN",2025-04-13,56.2016191616174,60.4334870382153,NA,0.339022980746051,NA,FALSE,FALSE,NA,NA,"Recent form (60.4) is close to season avg (60.1)","— Steady"
"135",1641724,"Jett Howard","ORL",2025-04-29,52.6642543784004,53.3153934693255,50.9888245598547,0.198937329899373,-2.12763157957143,FALSE,FALSE,FALSE,FALSE,"Recent form (53.3) is close to season avg (53.1)","— Steady"
"136",1631232,"Keion Brooks Jr.","NOP",2025-04-13,61.8248795976705,57.3116628347409,59.1233338524609,0.197608534286488,2.00927955200647,FALSE,FALSE,FALSE,FALSE,"Recent form (57.3) is close to season avg (57.1)","— Steady"
"137",203471,"Dennis Schröder","DET",2025-05-01,78.195091543522,65.5678633459006,62.4510733895459,0.190051938630532,-2.92673801772413,FALSE,FALSE,FALSE,FALSE,"Recent form (65.6) is close to season avg (65.4)","— Steady"
"138",1628379,"Luke Kennard","MEM",2025-04-26,66.5621507142577,65.5691744469476,58.9061221992903,0.188717156244977,-6.47433509141229,FALSE,FALSE,FALSE,FALSE,"Recent form (65.6) is close to season avg (65.4)","— Steady"
"139",1641722,"Jordan Hawkins","NOP",2025-03-28,52.5912184353434,55.8052269946713,53.983763356863,0.0988947979926635,-1.72256883981571,FALSE,FALSE,FALSE,FALSE,"Recent form (55.8) is close to season avg (55.7)","— Steady"
"140",1626196,"Josh Richardson","MIA",2024-11-18,38.8746525953141,53.4608931727373,NA,0.0953017533589104,NA,FALSE,FALSE,NA,NA,"Recent form (53.5) is close to season avg (53.4)","— Steady"
"141",1630695,"Micah Potter","UTA",2025-04-13,67.4663461218387,58.0653164599907,55.5888490064978,0.0758766447049126,-2.40059080878795,FALSE,FALSE,FALSE,FALSE,"Recent form (58.1) is close to season avg (58)","— Steady"
"142",1630543,"Isaiah Jackson","IND",2024-11-01,82.4829268801937,73.1675019996119,NA,0,NA,FALSE,FALSE,NA,NA,"Recent form (73.2) is close to season avg (73.2)","— Steady"
"143",1630595,"Cade Cunningham","DET",2025-05-01,73.8941658325863,76.3993414873106,75.6985225582168,-0.0609766557010119,-0.761795584794754,FALSE,FALSE,FALSE,FALSE,"Recent form (76.4) is close to season avg (76.5)","— Steady"
"144",1627884,"Derrick Jones Jr.","LAC",2025-05-03,70.5267298096845,64.3788430202775,60.1874480660583,-0.0655600987754781,-4.25695505299464,FALSE,FALSE,FALSE,FALSE,"Recent form (64.4) is close to season avg (64.4)","— Steady"
"145",202709,"Cory Joseph","ORL",2025-04-29,65.5337228884513,60.734280995451,64.9595630419309,-0.0722541392185221,4.15302790726147,FALSE,FALSE,FALSE,FALSE,"Recent form (60.7) is close to season avg (60.8)","— Steady"
"146",1630578,"Alperen Sengun","HOU",2025-05-04,70.6520416231897,76.4283378901418,75.5531275729554,-0.141522776306232,-1.01673309349263,FALSE,FALSE,FALSE,FALSE,"Recent form (76.4) is close to season avg (76.6)","— Steady"
"147",1630322,"Lindy Waters III","DET",2025-04-13,63.7591163930521,58.0203673636454,63.3517002692702,-0.225989451090626,5.10534345453426,FALSE,FALSE,FALSE,FALSE,"Recent form (58) is close to season avg (58.2)","— Steady"
"148",1629640,"Keldon Johnson","SAS",2025-04-13,77.335961317412,63.0140459766368,63.6687614148785,-0.304160981571435,0.350554456670281,FALSE,FALSE,FALSE,FALSE,"Recent form (63) is close to season avg (63.3)","— Steady"
"149",1629723,"John Konchar","MEM",2025-04-26,74.260629615085,61.6262910695353,66.6011119625398,-0.314004227222973,4.66081666578157,FALSE,FALSE,FALSE,FALSE,"Recent form (61.6) is close to season avg (61.9)","— Steady"
"150",1641765,"Olivier-Maxence Prosper","DAL",2025-03-05,59.9522992542917,60.4248607279323,60.4021941198296,-0.381848459457153,-0.404515067559871,FALSE,FALSE,FALSE,FALSE,"Recent form (60.4) is close to season avg (60.8)","— Steady"
"151",1642345,"Oso Ighodaro","PHX",2025-04-13,67.3107362733763,60.9899400202264,58.4292728321739,-0.411472148732557,-2.97213933678501,FALSE,FALSE,FALSE,FALSE,"Recent form (61) is close to season avg (61.4)","— Steady"
"152",1630529,"Herbert Jones","NOP",2025-01-08,41.1768011471686,62.910671001028,66.0571285963869,-0.4358798767663,2.71057771859267,FALSE,FALSE,FALSE,FALSE,"Recent form (62.9) is close to season avg (63.3)","— Steady"
"153",1629052,"Oshae Brissett","PHI",2025-03-23,41.542245044512,53.9378550511592,NA,-0.473184110312523,NA,FALSE,FALSE,NA,NA,"Recent form (53.9) is close to season avg (54.4)","— Steady"
"154",1629673,"Jordan Poole","WAS",2025-04-08,65.886094092518,60.9351393423415,60.631745898723,-0.509087449244404,-0.812480892862908,FALSE,FALSE,FALSE,FALSE,"Recent form (60.9) is close to season avg (61.4)","— Steady"
"155",1641730,"Noah Clowney","BKN",2025-03-29,63.5560396770079,54.8341403681675,56.0036687717633,-0.562859502994108,0.606668900601754,FALSE,FALSE,FALSE,FALSE,"Recent form (54.8) is close to season avg (55.4)","— Steady"
"156",1630531,"Jaden Springer","UTA",2025-04-13,46.8752762465773,57.3975192349348,58.0729328875978,-0.588130991061746,0.0872826616012432,FALSE,FALSE,FALSE,FALSE,"Recent form (57.4) is close to season avg (58)","— Steady"
"157",1628381,"John Collins","UTA",2025-03-12,65.7559458171426,67.7519290959922,66.5024144120678,-0.601602103471166,-1.85111678739555,FALSE,FALSE,FALSE,FALSE,"Recent form (67.8) is close to season avg (68.4)","— Steady"
"158",1630163,"LaMelo Ball","CHA",2025-03-25,69.6100749487086,69.3977737958916,68.7545949893681,-0.670349127572237,-1.31352793409573,FALSE,FALSE,FALSE,FALSE,"Recent form (69.4) is close to season avg (70.1)","— Steady"
"159",202695,"Kawhi Leonard","LAC",2025-05-03,49.0883756110321,73.4512798805151,75.6505698275643,-0.682821814733842,1.51646813231531,FALSE,FALSE,FALSE,FALSE,"Recent form (73.5) is close to season avg (74.1)","— Steady"
"160",1630264,"Anthony Gill","WAS",2025-04-08,52.6570215400401,54.7232455750478,58.1020764047809,-0.68519582995485,2.69363499977819,FALSE,FALSE,FALSE,FALSE,"Recent form (54.7) is close to season avg (55.4)","— Steady"
"161",202693,"Markieff Morris","LAL",2025-04-13,59.4460136240503,55.9220392261164,56.3795228139727,-0.733969739212185,-0.276486151355797,FALSE,FALSE,FALSE,FALSE,"Recent form (55.9) is close to season avg (56.7)","— Steady"
"162",1630625,"Dalano Banton","POR",2025-04-13,84.57611337675,62.20312744449,60.7185835747667,-0.81778961595748,-2.3023334856808,FALSE,FALSE,FALSE,FALSE,"Recent form (62.2) is close to season avg (63)","— Steady"
"163",1641732,"Colby Jones","WAS",2025-04-13,68.7400449635446,58.5232452692178,57.4926315188065,-0.933945400691066,-1.96455915110236,FALSE,FALSE,FALSE,FALSE,"Recent form (58.5) is close to season avg (59.5)","— Steady"
"164",1628368,"De'Aaron Fox","SAS",2025-03-12,88.4889520538812,69.7223082117115,63.8372779674263,-0.950626828307605,-6.83565707259281,FALSE,FALSE,FALSE,FALSE,"Recent form (69.7) is close to season avg (70.7)","— Steady"
"165",1628975,"Jevon Carter","CHI",2025-04-13,70.7951545506026,60.0190059291581,61.2313574821245,-1.02323755416532,0.189113998801012,FALSE,FALSE,FALSE,FALSE,"Recent form (60) is close to season avg (61)","— Steady"
"166",1628380,"Zach Collins","CHI",2025-04-13,83.2030944492465,64.4271284682161,66.5484274141502,-1.06264977761428,1.05864916831976,FALSE,FALSE,FALSE,FALSE,"Recent form (64.4) is close to season avg (65.5)","— Steady"
"167",1631115,"Orlando Robinson","TOR",2025-04-09,72.7180554925194,61.7153882747884,64.5774873522985,-1.07221521454418,1.7898838629659,FALSE,FALSE,FALSE,FALSE,"Recent form (61.7) is close to season avg (62.8)","— Steady"
"168",1630170,"Devin Vassell","SAS",2025-04-09,57.5331972113925,62.3996941203509,64.1900473906454,-1.08593217787975,0.704421092414734,FALSE,FALSE,FALSE,FALSE,"Recent form (62.4) is close to season avg (63.5)","— Steady"
"169",1631108,"Max Christie","DAL",2025-04-13,43.7663132223698,60.0052819792187,59.154534673199,-1.24452122208734,-2.09526852810702,FALSE,FALSE,FALSE,FALSE,"Recent form (60) is close to season avg (61.2)","— Steady"
"170",1631260,"AJ Green","MIL",2025-04-29,62.052282457121,57.2325493430186,61.6152854419938,-1.24882799462218,3.13390810435303,FALSE,FALSE,FALSE,FALSE,"Recent form (57.2) is close to season avg (58.5)","— Steady"
"171",203957,"Danté Exum","DAL",2025-04-13,64.9941480673246,59.3020266932448,56.4965141656535,-1.29919777854136,-4.10471030613267,FALSE,FALSE,FALSE,FALSE,"Recent form (59.3) is close to season avg (60.6)","— Steady"
"172",201942,"DeMar DeRozan","SAC",2025-04-13,57.9116960250533,67.5335058191268,70.8778079426805,-1.31090312718921,2.03339899636445,FALSE,FALSE,FALSE,FALSE,"Recent form (67.5) is close to season avg (68.8)","— Steady"
"173",203992,"Bogdan Bogdanović","LAC",2025-05-03,56.2517485243321,61.3676766464637,55.9180184942282,-1.36553431645699,-6.81519246869252,FALSE,FALSE,FALSE,TRUE,"Last 10 avg (55.9) is 6.8 below season avg (62.7). Dragged down by SCORING, REB","Cold (last 10)"
"174",1629655,"Daniel Gafford","DAL",2025-04-13,78.9550734159922,70.1066943879936,72.7221808685723,-1.38774165368343,1.22774482689528,FALSE,FALSE,FALSE,FALSE,"Recent form (70.1) is close to season avg (71.5)","— Steady"
"175",203500,"Steven Adams","HOU",2025-05-04,47.0314519210555,69.0768991216431,69.1103743876902,-1.50591113619615,-1.472435870149,FALSE,FALSE,FALSE,FALSE,"Recent form (69.1) is close to season avg (70.6)","— Steady"
"176",1630696,"Dru Smith","MIA",2024-12-23,45.4492456723241,64.9600353374787,68.6197423033123,-1.57717940208117,2.08252756375235,FALSE,FALSE,FALSE,FALSE,"Recent form (65) is close to season avg (66.5)","— Steady"
"177",203078,"Bradley Beal","PHX",2025-04-11,90.4702465789705,61.5801947233462,61.2485504617262,-1.67876302648195,-2.01040728810192,FALSE,FALSE,FALSE,FALSE,"Recent form (61.6) is close to season avg (63.3)","— Steady"
"178",1629684,"Grant Williams","CHA",2024-11-23,62.9745835584372,62.1947849209233,64.7058232389383,-1.6951834981185,0.815854819896529,FALSE,FALSE,FALSE,FALSE,"Recent form (62.2) is close to season avg (63.9)","— Steady"
"179",1630241,"Sam Merrill","CLE",2025-05-11,40.5488780103359,59.3173393641391,62.8001703933324,-1.85461129924253,1.62821972995071,FALSE,FALSE,FALSE,FALSE,"Recent form (59.3) is close to season avg (61.2)","— Steady"
"180",203903,"Jordan Clarkson","UTA",2025-03-23,54.0915218048514,59.866892946052,60.2703677286862,-1.89418826069791,-1.49071347806375,FALSE,FALSE,FALSE,FALSE,"Recent form (59.9) is close to season avg (61.8)","— Steady"
"181",1629011,"Mitchell Robinson","NYK",2025-05-31,63.6327870859003,67.3611565511833,68.2505339186794,-1.94657834753539,-1.0572009800393,FALSE,FALSE,FALSE,FALSE,"Recent form (67.4) is close to season avg (69.3)","— Steady"
"182",1641878,"Damion Baugh","CHA",2025-04-13,71.3729550166531,53.9461350239848,57.6779796207201,-2.01966384065478,1.71218075608054,FALSE,FALSE,FALSE,FALSE,"Recent form (53.9) is close to season avg (56)","— Steady"
"183",1630567,"Scottie Barnes","TOR",2025-04-13,82.2984041740347,71.0756982533972,75.0394804251285,-2.02426169082791,1.93952048090341,FALSE,FALSE,FALSE,FALSE,"Recent form (71.1) is close to season avg (73.1)","— Steady"
"184",1630183,"Jaden McDaniels","MIN",2025-05-28,44.9721980508605,64.7434814452611,67.2263990715549,-2.09924997120423,0.383667655089596,FALSE,FALSE,FALSE,FALSE,"Recent form (64.7) is close to season avg (66.8)","— Steady"
"185",1641727,"Dariq Whitehead","BKN",2025-04-13,45.1966093884301,50.3163183205927,50.2257900040889,-2.14754280357719,-2.23807112008107,FALSE,FALSE,FALSE,FALSE,"Recent form (50.3) is close to season avg (52.5)","— Steady"
"186",1641774,"Tristan Vukcevic","WAS",2025-04-13,80.161536414902,60.6801698622619,57.322236609208,-2.17252532503818,-5.53045857809209,FALSE,FALSE,FALSE,FALSE,"Recent form (60.7) is close to season avg (62.9)","— Steady"
"187",1629001,"De'Anthony Melton","GSW",2024-11-12,75.2690715285138,64.0487673433921,NA,-2.27584360401278,NA,FALSE,FALSE,NA,NA,"Recent form (64) is close to season avg (66.3)","— Steady"
"188",1642024,"Alex Reese","PHI",2025-04-09,75.8593751525006,64.1582182845059,62.0689984719654,-2.31367659250031,-4.40289640504082,FALSE,FALSE,FALSE,FALSE,"Recent form (64.2) is close to season avg (66.5)","— Steady"
"189",1630171,"Isaac Okoro","CLE",2025-05-13,51.4202704293808,60.3456341197064,61.2869775942701,-2.37191641646145,-1.43057294189771,FALSE,FALSE,FALSE,FALSE,"Recent form (60.3) is close to season avg (62.7)","— Steady"
"190",1641720,"Jalen Hood-Schifino","PHI",2025-04-13,45.4165195335143,52.2463482810697,52.8313989915692,-2.37861146174134,-1.79356075124192,FALSE,FALSE,FALSE,FALSE,"Recent form (52.2) is close to season avg (54.6)","— Steady"
"191",1629652,"Luguentz Dort","OKC",2025-06-22,71.6558458668229,62.1680848195595,58.9447034460995,-2.3818283059289,-5.60520967938895,FALSE,FALSE,FALSE,FALSE,"Recent form (62.2) is close to season avg (64.5)","— Steady"
"192",1627832,"Fred VanVleet","HOU",2025-05-04,60.287590179629,66.5761903313449,64.8845283274181,-2.40595402141399,-4.0976160253408,FALSE,FALSE,FALSE,FALSE,"Recent form (66.6) is close to season avg (69)","— Steady"
"193",1628960,"Grayson Allen","PHX",2025-04-13,62.4451422451491,59.9619924334535,56.3927492639765,-2.46118151804961,-6.03042468752664,FALSE,FALSE,FALSE,FALSE,"Recent form (60) is close to season avg (62.4)","— Steady"
"194",1630702,"Jaden Hardy","DAL",2025-04-13,38.8768272647889,52.7278483896523,53.5843660358924,-2.52283800552275,-1.66632035928271,FALSE,FALSE,FALSE,FALSE,"Recent form (52.7) is close to season avg (55.3)","— Steady"
"195",1629028,"Deandre Ayton","POR",2025-02-10,42.1283963894933,63.5799009094214,72.8636567330024,-2.55523530886416,6.72852051471679,FALSE,FALSE,FALSE,FALSE,"Recent form (63.6) is close to season avg (66.1)","— Steady"
"196",1630572,"Sandro Mamukelashvili","SAS",2025-04-13,74.9075184683048,62.1260910894382,60.4024435611346,-2.61334309731033,-4.33699062561393,FALSE,FALSE,FALSE,FALSE,"Recent form (62.1) is close to season avg (64.7)","— Steady"
"197",1641705,"Victor Wembanyama","SAS",2025-02-12,68.0040089171996,76.2045520798078,78.5544678230037,-2.75955929232443,-0.409643549128589,FALSE,FALSE,FALSE,FALSE,"Recent form (76.2) is close to season avg (79)","— Steady"
"198",1628415,"Dillon Brooks","HOU",2025-05-04,46.4417950428138,58.1480203676589,59.2374373289923,-2.76888583599789,-1.67946887466449,FALSE,FALSE,FALSE,FALSE,"Recent form (58.1) is close to season avg (60.9)","— Steady"
"199",1641721,"Maxwell Lewis","BKN",2025-04-11,39.4926114747666,52.1714997018363,54.6532211197435,-2.77407583739146,-0.292354419484234,FALSE,FALSE,FALSE,FALSE,"Recent form (52.2) is close to season avg (54.9)","— Steady"
"200",1641796,"Pelle Larsson","MIA",2025-04-28,56.0560639376972,54.1525976346704,63.8127284680214,-2.77754688453872,6.8825839488123,FALSE,FALSE,FALSE,FALSE,"Recent form (54.2) is close to season avg (56.9)","— Steady"
"201",1642461,"Spencer Jones","DEN",2025-04-02,52.5128465105357,51.2656574806117,52.9676409030747,-2.80779974529994,-1.10581632283697,FALSE,FALSE,FALSE,FALSE,"Recent form (51.3) is close to season avg (54.1)","— Steady"
"202",1631222,"Jake LaRavia","SAC",2025-03-25,68.987218765162,63.4304645721697,61.8169372174771,-2.8190846561716,-4.43261201086422,FALSE,FALSE,FALSE,FALSE,"Recent form (63.4) is close to season avg (66.2)","— Steady"
"203",1629638,"Nickeil Alexander-Walker","MIN",2025-05-28,41.560199143743,60.9122235078206,58.8093760506579,-2.85208351749911,-4.9549309746618,FALSE,FALSE,FALSE,FALSE,"Recent form (60.9) is close to season avg (63.8)","— Steady"
"204",2544,"LeBron James","LAL",2025-04-30,62.9045882443478,73.6364170139269,74.5373291496343,-2.91728760436769,-2.01637546866027,FALSE,FALSE,FALSE,FALSE,"Recent form (73.6) is close to season avg (76.6)","— Steady"
"205",1631111,"Wendell Moore Jr.","CHA",2025-04-13,70.8254185411265,55.0859952300684,57.8331225283212,-2.91802392877942,-0.17089663052657,FALSE,FALSE,FALSE,FALSE,"Recent form (55.1) is close to season avg (58)","— Steady"
"206",1626158,"Richaun Holmes","WAS",2025-04-02,43.8224132643329,63.6654281464212,68.651482221681,-2.96828019995648,2.01777387530325,FALSE,FALSE,FALSE,FALSE,"Recent form (63.7) is close to season avg (66.6)","— Steady"
"207",1626164,"Devin Booker","PHX",2025-04-11,85.8335950213438,66.3332971559761,61.8560177510259,-2.97210594636842,-7.4493853513186,FALSE,FALSE,FALSE,TRUE,"Last 10 avg (61.9) is 7.4 below season avg (69.3). Dragged down by IMPACT, SCORING","Cold (last 10)"
"208",1627742,"Brandon Ingram","NOP",2024-12-07,46.3674545005891,60.9424926115901,61.6923161623338,-2.98070282638554,-2.23087927564187,FALSE,FALSE,FALSE,FALSE,"Recent form (60.9) is close to season avg (63.9)","— Steady"
"209",203994,"Jusuf Nurkić","CHA",2025-04-13,73.6150640065587,63.9613414108647,66.3906866819517,-3.0748743894537,-0.645529118366667,FALSE,FALSE,FALSE,FALSE,"Recent form (64) is close to season avg (67)","— Steady"
"210",1631207,"Dalen Terry","CHI",2025-04-13,51.1911306772857,55.0438993572458,60.0605674696581,-3.08375240811385,1.93291570429844,FALSE,FALSE,FALSE,FALSE,"Recent form (55) is close to season avg (58.1)","— Steady"
"211",1629014,"Anfernee Simons","POR",2025-03-30,52.4912573923008,60.9617346975535,62.7171759331627,-3.14197486686485,-1.38653363125562,FALSE,FALSE,FALSE,FALSE,"Recent form (61) is close to season avg (64.1)","— Steady"
"212",1631311,"Lester Quinones","NOP",2025-04-13,63.2443264762089,56.5189216713075,56.5284401338286,-3.15167531541564,-3.14215685289453,FALSE,FALSE,FALSE,FALSE,"Recent form (56.5) is close to season avg (59.7)","— Steady"
"213",1630544,"Tre Mann","CHA",2024-11-21,45.2770260283691,56.8321311261368,59.4554347126191,-3.15173155758585,-0.528427971103525,FALSE,FALSE,FALSE,FALSE,"Recent form (56.8) is close to season avg (60)","— Steady"
"214",1629312,"Haywood Highsmith","MIA",2025-04-28,54.2060229745266,57.6168071463711,59.6621174115252,-3.16682409815198,-1.12151383299786,FALSE,FALSE,FALSE,FALSE,"Recent form (57.6) is close to season avg (60.8)","— Steady"
"215",1630623,"Tyson Etienne","BKN",2025-04-13,45.2208551858543,45.1020306130279,NA,-3.20128098225172,NA,FALSE,FALSE,NA,NA,"Recent form (45.1) is close to season avg (48.3)","— Steady"
"216",1630556,"Kessler Edwards","DAL",2025-03-25,39.5682822025051,52.4216374523204,60.8322446490421,-3.27138653316033,5.1392206635613,FALSE,FALSE,FALSE,FALSE,"Recent form (52.4) is close to season avg (55.7)","— Steady"
"217",1641709,"Ausar Thompson","DET",2025-05-01,79.885294792233,64.902371008756,65.7650257681026,-3.34322001085641,-2.48056525150982,FALSE,FALSE,FALSE,FALSE,"Recent form (64.9) is close to season avg (68.2)","— Steady"
"218",1627741,"Buddy Hield","GSW",2025-05-14,42.9021991622842,59.3416370707505,62.9529288740724,-3.37142905855901,0.239862744762874,FALSE,FALSE,FALSE,FALSE,"Recent form (59.3) is close to season avg (62.7)","— Steady"
"219",1628378,"Donovan Mitchell","CLE",2025-05-13,72.3044260310406,71.0764407468201,73.0326311506533,-3.40272714028904,-1.44653673645588,FALSE,FALSE,FALSE,FALSE,"Recent form (71.1) is close to season avg (74.5)","— Steady"
"220",1629675,"Naz Reid","MIN",2025-05-28,60.6535422865901,64.7326605962905,64.1097346659621,-3.45670465183119,-4.07963058215962,FALSE,FALSE,FALSE,FALSE,"Recent form (64.7) is close to season avg (68.2)","— Steady"
"221",203076,"Anthony Davis","DAL",2025-04-11,96.847069618569,73.3595866148015,73.5976008630821,-3.46548131090285,-3.2274670626223,FALSE,FALSE,FALSE,FALSE,"Recent form (73.4) is close to season avg (76.8)","— Steady"
"222",203914,"Gary Harris","ORL",2025-04-29,54.665350173932,51.7784827988956,56.2282190599274,-3.46702264145602,0.982713619575819,FALSE,FALSE,FALSE,FALSE,"Recent form (51.8) is close to season avg (55.2)","— Steady"
"223",1642348,"Justin Edwards","PHI",2025-04-05,63.2610987949739,54.8028050710957,59.3978474620737,-3.47055773652922,1.12448465444879,FALSE,FALSE,FALSE,FALSE,"Recent form (54.8) is close to season avg (58.3)","— Steady"
"224",1628366,"Lonzo Ball","CHI",2025-02-28,64.3472938858356,65.6681457034452,63.2752725687392,-3.48995950761893,-5.88283264232495,FALSE,FALSE,FALSE,FALSE,"Recent form (65.7) is close to season avg (69.2)","— Steady"
"225",200768,"Kyle Lowry","PHI",2025-04-07,53.2252558779235,55.4586370626955,61.8568886147091,-3.52541362570418,2.87283792630942,FALSE,FALSE,FALSE,FALSE,"Recent form (55.5) is close to season avg (59)","— Steady"
"226",201935,"James Harden","LAC",2025-05-03,67.5162693412266,72.3325866355533,76.875302685559,-3.56898896294157,0.973727087064091,FALSE,FALSE,FALSE,FALSE,"Recent form (72.3) is close to season avg (75.9)","— Steady"
"227",1630168,"Onyeka Okongwu","ATL",2025-04-11,51.7555566379213,68.2341251020885,68.4259289387929,-3.59539222348299,-3.40358838677862,FALSE,FALSE,FALSE,FALSE,"Recent form (68.2) is close to season avg (71.8)","— Steady"
"228",1631094,"Paolo Banchero","ORL",2025-04-29,60.247205246314,65.2332571618177,67.8448891862785,-3.69996423163568,-1.0883322071749,FALSE,FALSE,FALSE,FALSE,"Recent form (65.2) is close to season avg (68.9)","— Steady"
"229",1629021,"Moritz Wagner","ORL",2024-12-21,39.0135531953587,63.6421372992664,68.9902269171134,-3.74747772274993,1.60061189509705,FALSE,FALSE,FALSE,FALSE,"Recent form (63.6) is close to season avg (67.4)","— Steady"
"230",1631105,"Jalen Duren","DET",2025-05-01,58.3845958671185,68.4047897161939,70.0733343198347,-3.75635840801073,-2.0878138043699,FALSE,FALSE,FALSE,FALSE,"Recent form (68.4) is close to season avg (72.2)","— Steady"
"231",1630548,"Johnny Juzang","UTA",2025-04-13,49.9718542706827,53.0585672466152,54.3865979982878,-3.88761566990956,-2.55958491823697,FALSE,FALSE,FALSE,FALSE,"Recent form (53.1) is close to season avg (56.9)","— Steady"
"232",1641718,"Keyonte George","UTA",2025-04-13,51.2160741583162,57.9304827418829,56.6539751948998,-3.95763955079846,-5.23414709778161,FALSE,FALSE,FALSE,FALSE,"Recent form (57.9) is close to season avg (61.9)","— Steady"
"233",1630591,"Jalen Suggs","ORL",2025-01-25,62.1812370560379,61.7894934987348,65.4955336378407,-3.9585473942838,-0.252507255177875,FALSE,FALSE,FALSE,FALSE,"Recent form (61.8) is close to season avg (65.7)","— Steady"
"234",1631095,"Jabari Smith Jr.","HOU",2025-05-04,51.8006103452977,60.4613141258218,66.5890095217482,-3.96936586843741,2.15832952748897,FALSE,FALSE,FALSE,FALSE,"Recent form (60.5) is close to season avg (64.4)","— Steady"
"235",1626162,"Kelly Oubre Jr.","PHI",2025-03-12,59.3431061259918,57.8378704095852,56.5996186882572,-4.05564484382664,-5.29389656515462,FALSE,FALSE,FALSE,FALSE,"Recent form (57.8) is close to season avg (61.9)","— Steady"
"236",1630191,"Isaiah Stewart","DET",2025-04-19,64.9787412539129,63.7955405732022,67.3825410062429,-4.08022001116795,-0.493219578127253,FALSE,FALSE,FALSE,FALSE,"Recent form (63.8) is close to season avg (67.9)","— Steady"
"237",1630577,"Julian Champagnie","SAS",2025-04-13,66.927696737865,57.6057948430975,56.0272932693802,-4.10970695250091,-5.68820852621818,FALSE,FALSE,FALSE,FALSE,"Recent form (57.6) is close to season avg (61.7)","— Steady"
"238",1629622,"Max Strus","CLE",2025-05-13,47.8251065850532,63.3292864750344,67.9525713149977,-4.1313248366826,0.491960003280624,FALSE,FALSE,FALSE,FALSE,"Recent form (63.3) is close to season avg (67.5)","— Steady"
"239",1630174,"Aaron Nesmith","IND",2025-06-22,60.2909163678587,61.1581245556141,59.5000733534492,-4.13809921192859,-5.79615041409346,FALSE,FALSE,FALSE,FALSE,"Recent form (61.2) is close to season avg (65.3)","— Steady"
"240",1629631,"De'Andre Hunter","CLE",2025-05-13,63.2296027679748,58.922045597147,66.4192385241583,-4.22021234339,3.27698058362139,FALSE,FALSE,FALSE,FALSE,"Recent form (58.9) is close to season avg (63.1)","— Steady"
"241",1629680,"Matisse Thybulle","POR",2025-04-13,85.4151607518828,69.2163665386498,69.4397161088739,-4.27877311360739,-4.05542354338327,FALSE,FALSE,FALSE,FALSE,"Recent form (69.2) is close to season avg (73.5)","— Steady"
"242",1641710,"Anthony Black","ORL",2025-04-29,57.2827906115976,58.5725494316635,64.6734446112603,-4.4173925978012,1.68350258179559,FALSE,FALSE,FALSE,FALSE,"Recent form (58.6) is close to season avg (63)","— Steady"
"243",203915,"Spencer Dinwiddie","DAL",2025-04-13,39.4317222930939,58.799383943121,65.2491040436772,-4.42676269212878,2.02295740842737,FALSE,FALSE,FALSE,FALSE,"Recent form (58.8) is close to season avg (63.2)","— Steady"
"244",1628436,"Luke Kornet","BOS",2025-05-16,51.7550512907333,66.1620222521399,64.7033046827763,-4.44635577246594,-5.90507334182951,FALSE,FALSE,FALSE,FALSE,"Recent form (66.2) is close to season avg (70.6)","— Steady"
"245",1641708,"Amen Thompson","HOU",2025-05-04,67.7373026198697,68.2043019448317,71.7912610480767,-4.48660875125684,-0.899649648011831,FALSE,FALSE,FALSE,FALSE,"Recent form (68.2) is close to season avg (72.7)","— Steady"
"246",1626145,"Tyus Jones","PHX",2025-04-13,72.4446796544664,63.5801003196699,66.6775103293578,-4.52853622508108,-1.43112621539309,FALSE,FALSE,FALSE,FALSE,"Recent form (63.6) is close to season avg (68.1)","— Steady"
"247",1628389,"Bam Adebayo","MIA",2025-04-28,51.4990584779179,67.2795900738665,72.650029890442,-4.55778621475315,0.812653601822348,FALSE,FALSE,FALSE,FALSE,"Recent form (67.3) is close to season avg (71.8)","— Steady"
"248",1630228,"Jonathan Kuminga","GSW",2025-05-14,54.8733518795842,59.2172523222473,57.7819044652008,-4.58051758483459,-6.01586544188115,FALSE,FALSE,FALSE,FALSE,"Recent form (59.2) is close to season avg (63.8)","— Steady"
"249",1629006,"Josh Okogie","CHA",2025-04-13,64.3559319725032,60.4598730872976,61.0210956605548,-4.64616075253261,-4.08493817927549,FALSE,FALSE,FALSE,FALSE,"Recent form (60.5) is close to season avg (65.1)","— Steady"
"250",1630573,"Sam Hauser","BOS",2025-05-16,56.5408600334389,57.2146114717977,57.1638905466937,-4.64782981734325,-4.69855074244726,FALSE,FALSE,FALSE,FALSE,"Recent form (57.2) is close to season avg (61.9)","— Steady"
"251",1641767,"Ben Sheppard","IND",2025-06-22,43.3202897323302,52.5007017794051,51.7809422471649,-4.66383325093412,-5.38359278317431,FALSE,FALSE,FALSE,FALSE,"Recent form (52.5) is close to season avg (57.2)","— Steady"
"252",1641741,"Ricky Council IV","PHI",2025-04-13,48.2883142470688,54.2080323174977,54.6931054031754,-4.67803197488987,-4.19295888921222,FALSE,FALSE,FALSE,FALSE,"Recent form (54.2) is close to season avg (58.9)","— Steady"
"253",1631216,"Caleb Houstan","ORL",2025-04-29,37.9319731427036,47.5474387534176,55.3169741138728,-4.69396554414875,3.07556981630653,FALSE,FALSE,FALSE,FALSE,"Recent form (47.5) is close to season avg (52.2)","— Steady"
"254",1628997,"Caleb Martin","DAL",2025-04-13,45.1543846672262,55.5199628640758,57.9941848466555,-4.71861844517383,-2.24439646259413,FALSE,FALSE,FALSE,FALSE,"Recent form (55.5) is close to season avg (60.2)","— Steady"
"255",1627759,"Jaylen Brown","BOS",2025-05-16,45.6066522914193,66.3933093643234,66.1087533352054,-4.80697833402614,-5.09153436314409,FALSE,FALSE,FALSE,FALSE,"Recent form (66.4) is close to season avg (71.2)","— Steady"
"256",203507,"Giannis Antetokounmpo","MIL",2025-04-29,87.8422889725281,75.838806614393,84.6883239581833,-4.84044361417276,4.00907372961751,FALSE,FALSE,FALSE,FALSE,"Recent form (75.8) is close to season avg (80.7)","— Steady"
"257",1629012,"Collin Sexton","UTA",2025-04-09,61.6684932373965,57.6821506554322,60.5652705549187,-4.98439712189288,-2.10127722240632,FALSE,FALSE,FALSE,FALSE,"Recent form (57.7) is close to season avg (62.7)","— Steady"
"258",1630208,"Nick Richards","PHX",2025-04-08,50.4765780586267,57.1434658352866,57.3694069239053,-5.02364724834037,-4.79770615972166,FALSE,FALSE,FALSE,FALSE,"Recent form (57.1) is close to season avg (62.2)","— Steady"
"259",1641711,"Gradey Dick","TOR",2025-03-02,41.45534267402,52.5280129139959,53.7785020194032,-5.02555819031193,-3.77506908490462,FALSE,FALSE,FALSE,FALSE,"Recent form (52.5) is close to season avg (57.6)","— Steady"
"260",1630224,"Jalen Green","HOU",2025-05-04,53.8283281239769,60.382337670108,59.4993405452779,-5.0917724760383,-5.97476960086842,FALSE,FALSE,FALSE,FALSE,"Recent form (60.4) is close to season avg (65.5)","— Steady"
"261",1626171,"Bobby Portis","MIL",2025-04-29,62.3011900002984,64.4680410915852,65.9149959622085,-5.09245424669341,-3.64549937607012,FALSE,FALSE,FALSE,FALSE,"Recent form (64.5) is close to season avg (69.6)","— Steady"
"262",1630167,"Obi Toppin","IND",2025-06-22,36.95892169904,60.3170301354028,61.3963838042369,-5.11679951639059,-4.03744584755653,FALSE,FALSE,FALSE,FALSE,"Recent form (60.3) is close to season avg (65.4)","— Steady"
"263",1628464,"Daniel Theis","NOP",2025-01-29,51.6423773408743,57.2224226014745,62.816739804779,-5.12020725912519,0.474109944179339,FALSE,FALSE,FALSE,FALSE,"Recent form (57.2) is close to season avg (62.3)","— Steady"
"264",1630596,"Evan Mobley","CLE",2025-05-13,71.7171558568299,71.8787798590023,72.3637992207251,-5.16549549493993,-4.68047613321714,FALSE,FALSE,FALSE,FALSE,"Recent form (71.9) is close to season avg (77)","— Steady"
"265",202681,"Kyrie Irving","DAL",2025-03-03,52.3109367033455,66.5031274560045,69.5253707608977,-5.16611919095148,-2.14387588605834,FALSE,FALSE,FALSE,FALSE,"Recent form (66.5) is close to season avg (71.7)","— Steady"
"266",201142,"Kevin Durant","PHX",2025-03-30,51.0051793472607,65.9960781090105,67.1827181256788,-5.1695716879329,-3.98293167126461,FALSE,FALSE,FALSE,FALSE,"Recent form (66) is close to season avg (71.2)","— Steady"
"267",1629216,"Gabe Vincent","LAL",2025-04-30,47.1257567378445,50.9383227824557,54.7831749277036,-5.17893537545345,-1.33408323020556,FALSE,FALSE,FALSE,FALSE,"Recent form (50.9) is close to season avg (56.1)","— Steady"
"268",1628970,"Miles Bridges","CHA",2025-04-08,45.2738306655592,62.2898275229583,62.8437173203464,-5.23076329158937,-4.67687349420118,FALSE,FALSE,FALSE,FALSE,"Recent form (62.3) is close to season avg (67.5)","— Steady"
"269",1630527,"Brandon Boston","NOP",2025-02-08,58.4631062290657,56.4542195806621,52.892177832275,-5.23262857127405,-8.79467031966117,FALSE,FALSE,FALSE,TRUE,"Last 10 avg (52.9) is 8.8 below season avg (61.7). Dragged down by DEF, REB","Cold (last 10)"
"270",1642354,"KJ Simpson","CHA",2025-04-13,51.7065392563309,51.7232980598907,58.2061577204235,-5.24425283950128,1.2386068210315,FALSE,FALSE,FALSE,FALSE,"Recent form (51.7) is close to season avg (57)","— Steady"
"271",203954,"Joel Embiid","PHI",2025-02-22,61.1659541264308,64.1492107245981,72.1248932891713,-5.26381932640366,2.71186323816957,FALSE,FALSE,FALSE,FALSE,"Recent form (64.1) is close to season avg (69.4)","— Steady"
"272",203497,"Rudy Gobert","MIN",2025-05-28,64.1263833224995,65.7655039815313,66.5991785648974,-5.3305320086311,-4.49685742526492,FALSE,FALSE,FALSE,FALSE,"Recent form (65.8) is close to season avg (71.1)","— Steady"
"273",1631157,"Ryan Rollins","MIL",2025-04-27,48.0711347989333,57.5667616061257,63.1476965478359,-5.37833286516839,0.202602076541829,FALSE,FALSE,FALSE,FALSE,"Recent form (57.6) is close to season avg (62.9)","— Steady"
"274",1631106,"Tari Eason","HOU",2025-05-04,62.6065812963047,64.827979737015,65.2475476990707,-5.39209803396861,-4.97253007191284,FALSE,FALSE,FALSE,FALSE,"Recent form (64.8) is close to season avg (70.2)","— Steady"
"275",1642275,"Tidjane Salaün","CHA",2025-04-13,43.3506006740972,51.5177199767694,55.9284101510154,-5.50835718425772,-1.09766701001176,FALSE,FALSE,FALSE,FALSE,"Recent form (51.5) is close to season avg (57)","— Steady"
"276",1630202,"Payton Pritchard","BOS",2025-05-16,54.0571274323065,63.1625814392285,60.1872686498725,-5.68143761188185,-8.65675040123783,FALSE,FALSE,FALSE,TRUE,"Last 10 avg (60.2) is 8.7 below season avg (68.8). Dragged down by PLAY, DISC","Cold (last 10)"
"277",1631128,"Christian Braun","DEN",2025-05-18,48.5749373811378,64.0493357844096,66.3398979362163,-5.70642960346557,-3.4158674516588,FALSE,FALSE,FALSE,FALSE,"Recent form (64) is close to season avg (69.8)","— Steady"
"278",1629645,"Kevin Porter Jr.","MIL",2025-04-29,64.9442962620367,60.8996555417669,73.021246071867,-5.73181758253128,6.38977294756883,FALSE,FALSE,FALSE,FALSE,"Recent form (60.9) is close to season avg (66.6)","— Steady"
"279",1630231,"KJ Martin","UTA",2025-04-02,61.4534569573706,51.1506169487071,50.5766204378637,-5.88437553910745,-6.45837204995089,FALSE,FALSE,FALSE,TRUE,"Last 10 avg (50.6) is 6.5 below season avg (57). Dragged down by SCORING, PLAY","Cold (last 10)"
"280",203501,"Tim Hardaway Jr.","DET",2025-05-01,46.2989963553195,52.039585041333,53.2113792927501,-5.94739332591642,-4.77559907449936,FALSE,FALSE,FALSE,FALSE,"Recent form (52) is close to season avg (58)","— Steady"
"281",1641744,"Zach Edey","MEM",2025-04-26,71.9205497005103,63.9336939326964,70.9848723214415,-5.96179825085988,1.08938013788519,FALSE,FALSE,FALSE,FALSE,"Recent form (63.9) is close to season avg (69.9)","— Steady"
"282",202699,"Tobias Harris","DET",2025-05-01,48.7463032711046,61.1718787332788,61.212858199717,-6.02641756439435,-5.98543809795623,FALSE,FALSE,FALSE,FALSE,"Recent form (61.2) is close to season avg (67.2)","— Steady"
"283",1630550,"JT Thor","WAS",2025-04-11,46.4295125430611,51.8895863562922,55.5649150722256,-6.05635975403593,-2.38103103810257,FALSE,FALSE,FALSE,FALSE,"Recent form (51.9) is close to season avg (57.9)","— Steady"
"284",203083,"Andre Drummond","PHI",2025-03-12,47.8578058281797,59.9967111060784,64.6825501673499,-6.09242291676387,-1.40658385549237,FALSE,FALSE,FALSE,FALSE,"Recent form (60) is close to season avg (66.1)","— Steady"
"285",1627739,"Kris Dunn","LAC",2025-05-03,66.2855993498791,61.3939473117931,65.9236019469439,-6.10063555826056,-1.57098092310983,FALSE,FALSE,FALSE,FALSE,"Recent form (61.4) is close to season avg (67.5)","— Steady"
"286",1631096,"Chet Holmgren","OKC",2025-06-22,86.5733446902629,68.2561567049672,68.726997580693,-6.23223592984874,-5.76139505412287,FALSE,FALSE,FALSE,FALSE,"Recent form (68.3) is close to season avg (74.5)","— Steady"
"287",1627827,"Dorian Finney-Smith","LAL",2025-04-30,60.8148044228376,56.6432874983326,63.320259365245,-6.29215553414552,0.384816332766896,FALSE,FALSE,FALSE,FALSE,"Recent form (56.6) is close to season avg (62.9)","— Steady"
"288",1628370,"Malik Monk","SAC",2025-04-07,46.242065106242,62.2516108284008,64.7007814248848,-6.33791571004771,-3.88874511356374,FALSE,FALSE,FALSE,FALSE,"Recent form (62.3) is close to season avg (68.6)","— Steady"
"289",1629627,"Zion Williamson","NOP",2025-03-19,85.6107463074761,66.6840345990609,71.8015084179263,-6.58543460587246,-1.46796078700713,FALSE,FALSE,FALSE,FALSE,"Recent form (66.7) is close to season avg (73.3)","— Steady"
"290",1628374,"Lauri Markkanen","UTA",2025-03-17,50.3713679564197,55.152131360571,57.2719905564766,-6.63120349873637,-4.51134430283073,FALSE,FALSE,FALSE,FALSE,"Recent form (55.2) is close to season avg (61.8)","— Steady"
"291",1642276,"Kel'el Ware","MIA",2025-04-28,49.3222667885054,61.7333302383149,67.6780888212008,-6.67500482290827,-0.730246240022367,FALSE,FALSE,FALSE,FALSE,"Recent form (61.7) is close to season avg (68.4)","— Steady"
"292",1641764,"Brandin Podziemski","GSW",2025-05-14,74.044197302016,61.4907129104904,62.4403858242895,-6.70359799064853,-5.75392507684943,FALSE,FALSE,FALSE,FALSE,"Recent form (61.5) is close to season avg (68.2)","— Steady"
"293",1641717,"Cason Wallace","OKC",2025-06-22,72.5025576465768,62.5976562138078,61.8941251473459,-6.70456465028948,-7.40809571675135,FALSE,FALSE,FALSE,TRUE,"Last 10 avg (61.9) is 7.4 below season avg (69.3). Dragged down by SCORING, DEF","Cold (last 10)"
"294",1630245,"Ayo Dosunmu","CHI",2025-02-28,69.5587814602731,57.5487903466187,62.1968964508767,-6.71288465603927,-2.06477855178118,FALSE,FALSE,FALSE,FALSE,"Recent form (57.5) is close to season avg (64.3)","— Steady"
"295",1628973,"Jalen Brunson","NYK",2025-05-31,52.0642967637228,65.0564278834096,66.5253592872107,-6.76639799096641,-5.29746658716533,FALSE,FALSE,FALSE,FALSE,"Recent form (65.1) is close to season avg (71.8)","— Steady"
"296",1642262,"Cody Williams","UTA",2025-03-28,49.2472933578359,44.1351160933139,45.6614674180212,-6.80552941234755,-5.27917808764021,FALSE,FALSE,FALSE,FALSE,"Recent form (44.1) is close to season avg (50.9)","— Steady"
"297",1630532,"Franz Wagner","ORL",2025-04-29,52.0567956114651,64.3554519331488,71.2480491169607,-6.8659809461229,0.0266162376890691,FALSE,FALSE,FALSE,FALSE,"Recent form (64.4) is close to season avg (71.2)","— Steady"
"298",1630230,"Naji Marshall","DAL",2025-04-13,45.9867966081257,57.8692774603898,61.8318836550002,-6.8861446844701,-2.92353848985966,FALSE,FALSE,FALSE,FALSE,"Recent form (57.9) is close to season avg (64.8)","— Steady"
"299",1629008,"Michael Porter Jr.","DEN",2025-05-18,54.614025243461,60.0767832048786,59.6778286433749,-6.98035400204319,-7.37930856354691,FALSE,FALSE,FALSE,TRUE,"Last 10 avg (59.7) is 7.4 below season avg (67.1). Dragged down by DISC, DEF","Cold (last 10)"
"300",1629643,"Chuma Okeke","CLE",2025-05-11,71.3248315188578,55.8903093238173,62.9767681309134,-6.99168843105038,0.0947703760457301,FALSE,FALSE,FALSE,FALSE,"Recent form (55.9) is close to season avg (62.9)","— Steady"
"301",1627750,"Jamal Murray","DEN",2025-05-18,51.2841863872157,65.6238843008468,67.4844756417805,-7.03917430675655,-5.17858296582283,FALSE,FALSE,FALSE,FALSE,"Recent form (65.6) is close to season avg (72.7)","— Steady"
"302",1628401,"Derrick White","BOS",2025-05-16,36.8639575133427,66.3034649338416,69.0117099355678,-7.15227091356842,-4.44402591184225,FALSE,FALSE,FALSE,FALSE,"Recent form (66.3) is close to season avg (73.5)","— Steady"
"303",1630703,"Scoot Henderson","POR",2025-03-27,54.3697898660503,57.3920582089186,58.4913235878789,-7.17836257713183,-6.07909719817152,FALSE,FALSE,FALSE,FALSE,"Recent form (57.4) is close to season avg (64.6)","— Steady"
"304",1627826,"Ivica Zubac","LAC",2025-05-03,54.0196589045727,67.6474041318182,72.034484878156,-7.29514496455413,-2.90806421821637,FALSE,FALSE,FALSE,FALSE,"Recent form (67.6) is close to season avg (74.9)","— Steady"
"305",1628976,"Wendell Carter Jr.","ORL",2025-04-29,56.7124194547032,57.6784009405968,62.2690783078034,-7.40658072456322,-2.81590335735665,FALSE,FALSE,FALSE,FALSE,"Recent form (57.7) is close to season avg (65.1)","— Steady"
"306",1627780,"Gary Payton II","GSW",2025-05-14,56.8530038753571,57.2301833832258,57.2378701215778,-7.4404978970278,-7.43281115867581,FALSE,FALSE,FALSE,TRUE,"Last 10 avg (57.2) is 7.4 below season avg (64.7). Dragged down by DEF, DISC","Cold (last 10)"
"307",1631110,"Jeremy Sochan","SAS",2025-03-30,40.3641435523022,59.8664000003782,63.7901304969223,-7.44515514304796,-3.52142464650385,FALSE,FALSE,FALSE,FALSE,"Recent form (59.9) is close to season avg (67.3)","— Steady"
"308",1627777,"Georges Niang","ATL",2025-04-11,57.6642939885043,53.7047876194919,53.582860959271,-7.49096252980886,-7.61288919002978,FALSE,FALSE,FALSE,TRUE,"Last 10 avg (53.6) is 7.6 below season avg (61.2). Dragged down by IMPACT, REB","Cold (last 10)"
"309",1641726,"Dereck Lively II","DAL",2025-04-11,86.498425915261,67.2328136108142,69.4651754425009,-7.52304106509898,-5.29067923341232,FALSE,FALSE,FALSE,FALSE,"Recent form (67.2) is close to season avg (74.8)","— Steady"
"310",1629599,"Amir Coffey","LAC",2025-04-13,38.1958882918611,49.9116055551819,56.9474310166009,-7.62746987484875,-0.591644413429776,FALSE,FALSE,FALSE,FALSE,"Recent form (49.9) is close to season avg (57.5)","— Steady"
"311",1629614,"Andrew Nembhard","IND",2025-06-22,60.8088685804834,60.8499744535089,62.6723093452627,-7.65839289187747,-5.83605800012367,FALSE,FALSE,FALSE,FALSE,"Recent form (60.8) is close to season avg (68.5)","— Steady"
"312",1628392,"Isaiah Hartenstein","OKC",2025-06-22,84.1556110061404,67.5827762114586,70.5492318832551,-7.67040936949323,-4.7039536976967,FALSE,FALSE,FALSE,FALSE,"Recent form (67.6) is close to season avg (75.3)","— Steady"
"313",201143,"Al Horford","BOS",2025-05-16,40.9845815625976,61.3857038216169,65.862104304165,-7.69777354574867,-3.22137306320057,FALSE,FALSE,FALSE,FALSE,"Recent form (61.4) is close to season avg (69.1)","— Steady"
"314",1626181,"Norman Powell","LAC",2025-05-03,38.385026351,58.7175972787362,60.1506005827382,-7.75322246729935,-6.32021916329735,FALSE,FALSE,FALSE,FALSE,"Recent form (58.7) is close to season avg (66.5)","— Steady"
"315",1627936,"Alex Caruso","OKC",2025-06-22,69.0205549381472,63.3194446381936,63.4411672684094,-7.82129726671297,-7.69957463649716,FALSE,FALSE,FALSE,TRUE,"Last 10 avg (63.4) is 7.7 below season avg (71.1). Dragged down by DISC, IMPACT","Cold (last 10)"
"316",201939,"Stephen Curry","GSW",2025-05-06,67.1406318590235,65.7746640464619,69.2702960503386,-7.86445926013027,-4.36882725625362,FALSE,FALSE,FALSE,FALSE,"Recent form (65.8) is close to season avg (73.6)","— Steady"
"317",1628371,"Jonathan Isaac","ORL",2025-04-29,45.8149694640389,59.9072853965434,68.6038639265683,-7.89684909107876,0.79972943894613,FALSE,FALSE,FALSE,FALSE,"Recent form (59.9) is close to season avg (67.8)","— Steady"
"318",202710,"Jimmy Butler III","GSW",2025-05-14,62.296440823411,66.6537764280786,66.8473677481627,-7.94195033341978,-7.74835901333567,FALSE,FALSE,FALSE,TRUE,"Last 10 avg (66.8) is 7.7 below season avg (74.6). Dragged down by DEF, DISC","Cold (last 10)"
"319",1627736,"Malik Beasley","DET",2025-05-01,60.0654220052319,54.3488021345568,56.8082878764872,-8.05561192640801,-5.59612618447765,FALSE,FALSE,FALSE,FALSE,"Recent form (54.3) is close to season avg (62.4)","— Steady"
"320",1631107,"Nikola Jović","MIA",2025-04-28,59.5025524577146,55.4429010398318,54.9874854212263,-8.06658615901321,-8.52200177761868,FALSE,FALSE,FALSE,TRUE,"Last 10 avg (55) is 8.5 below season avg (63.5). Dragged down by SCORING, DEF","Cold (last 10)"
"321",1628969,"Mikal Bridges","NYK",2025-05-31,54.8469531282343,58.7343541660029,61.2202364457954,-8.21912564338509,-5.73324336359259,FALSE,FALSE,FALSE,FALSE,"Recent form (58.7) is close to season avg (67)","— Steady"
"322",201950,"Jrue Holiday","BOS",2025-05-16,38.5057952629757,60.9746907463217,65.6970824159285,-8.22219901426743,-3.49980734466067,FALSE,FALSE,FALSE,FALSE,"Recent form (61) is close to season avg (69.2)","— Steady"
"323",1629610,"DaQuan Jeffries","CHA",2025-04-13,50.1554538361375,47.0102019580295,53.1337829480876,-8.36600835990555,-2.24242736984747,FALSE,TRUE,FALSE,FALSE,"Last 5 avg (47) is 8.4 below season avg (55.4). Dragged down by DISC, SCORING","Cold (last 5)"
"324",203484,"Kentavious Caldwell-Pope","ORL",2025-04-29,47.7312222575365,52.3385408940498,62.4990576136622,-8.47765601319767,1.68286070641474,FALSE,FALSE,FALSE,FALSE,"Recent form (52.3) is close to season avg (60.8)","— Steady"
"325",1628978,"Donte DiVincenzo","MIN",2025-05-28,49.907682476293,57.9359338353247,58.9670535245156,-8.50657589234788,-7.47545620315697,FALSE,FALSE,FALSE,TRUE,"Last 10 avg (59) is 7.5 below season avg (66.4). Dragged down by REB, DEF","Cold (last 10)"
"326",1631212,"Peyton Watson","DEN",2025-05-18,42.3447598550177,54.3853109181254,63.8339330608602,-8.6464359258481,0.802186216886724,FALSE,FALSE,FALSE,FALSE,"Recent form (54.4) is close to season avg (63)","— Steady"
"327",203952,"Andrew Wiggins","MIA",2025-04-28,44.4551069595697,55.3770905284778,65.3732155169628,-8.95627270847339,1.03985228001156,FALSE,FALSE,FALSE,FALSE,"Recent form (55.4) is close to season avg (64.3)","— Steady"
"328",1629023,"P.J. Washington","DAL",2025-04-11,91.8791522985003,58.0967396289696,62.2865839094792,-9.037413407342,-4.84756912683236,FALSE,FALSE,FALSE,FALSE,"Recent form (58.1) is close to season avg (67.1)","— Steady"
"329",203937,"Kyle Anderson","MIA",2025-04-28,34.7973257350905,56.5753291462583,65.8876665730924,-9.04677249119613,0.265564935637997,FALSE,FALSE,FALSE,FALSE,"Recent form (56.6) is close to season avg (65.6)","— Steady"
"330",203995,"Vasilije Micic","PHX",2025-04-04,57.8188006239548,46.7712011848637,51.2260709842738,-9.1221031765573,-4.66723337714721,FALSE,TRUE,FALSE,FALSE,"Last 5 avg (46.8) is 9.1 below season avg (55.9). Dragged down by PLAY, DISC","Cold (last 5)"
"331",1626156,"D'Angelo Russell","BKN",2025-04-03,39.6135845859006,57.780514446421,64.0007864916683,-9.18194891449922,-2.9616768692519,FALSE,FALSE,FALSE,FALSE,"Recent form (57.8) is close to season avg (67)","— Steady"
"332",202687,"Bismack Biyombo","SAS",2025-04-13,63.8326354701366,53.2186736671211,59.4671030399001,-9.20712055738426,-2.95869118460524,FALSE,FALSE,FALSE,FALSE,"Recent form (53.2) is close to season avg (62.4)","— Steady"
"333",202691,"Klay Thompson","DAL",2025-04-11,71.5187798100157,52.6609552560125,55.2938036735666,-9.2098801700852,-6.57703175253118,FALSE,FALSE,FALSE,TRUE,"Last 10 avg (55.3) is 6.6 below season avg (61.9). Dragged down by DEF, DISC","Cold (last 10)"
"334",1628398,"Kyle Kuzma","MIL",2025-04-29,56.6085591913299,48.4829738374243,56.1938449422643,-9.28086736852636,-1.56999626368631,FALSE,TRUE,FALSE,FALSE,"Last 5 avg (48.5) is 9.3 below season avg (57.8). Dragged down by REB, IMPACT","Cold (last 5)"
"335",1630631,"Jose Alvarado","NOP",2025-04-13,53.371444467875,55.8668022425207,60.0633340472424,-9.37526150815678,-5.17872970343516,FALSE,FALSE,FALSE,FALSE,"Recent form (55.9) is close to season avg (65.2)","— Steady"
"336",1626157,"Karl-Anthony Towns","NYK",2025-05-31,56.2385184695361,63.7037284936127,64.097513999625,-9.50575814711054,-9.11197264109829,FALSE,FALSE,FALSE,TRUE,"Last 10 avg (64.1) is 9.1 below season avg (73.2). Dragged down by DISC, REB","Cold (last 10)"
"337",203482,"Kelly Olynyk","NOP",2025-04-08,44.6094740207345,56.5933679265568,63.8511524978832,-9.52508322987295,-2.26729865854652,FALSE,FALSE,FALSE,FALSE,"Recent form (56.6) is close to season avg (66.1)","— Steady"
"338",1629731,"Dean Wade","CLE",2025-05-13,51.3386703373672,53.7701556315805,55.6094288036765,-9.73606450723659,-7.89679133514059,FALSE,TRUE,FALSE,TRUE,"Last 5 avg (53.8) is 9.7 below season avg (63.5). Dragged down by REB, SCORING","Cold (last 5)"
"339",1630178,"Tyrese Maxey","PHI",2025-03-03,55.3381878477513,59.8760146917894,60.9414931659928,-9.83541049766936,-8.76993202346592,FALSE,FALSE,FALSE,TRUE,"Last 10 avg (60.9) is 8.8 below season avg (69.7). Dragged down by DISC, PLAY","Cold (last 10)"
"340",1627752,"Taurean Prince","MIL",2025-04-29,62.638140107379,50.0327579831482,53.1903344556364,-9.98806274585024,-6.83048627336208,FALSE,TRUE,FALSE,TRUE,"Last 5 avg (50) is 10 below season avg (60). Dragged down by DEF, REB","Cold (last 5)"
"341",1630162,"Anthony Edwards","MIN",2025-05-28,43.2753009634934,61.4195789113116,69.5784131304209,-10.0546163451072,-1.89578212599801,FALSE,FALSE,FALSE,FALSE,"Recent form (61.4) is close to season avg (71.5)","— Steady"
"342",1629630,"Ja Morant","MEM",2025-04-24,82.0602513781189,63.4179337258893,69.3668123474878,-10.0896632163351,-4.14078459473663,FALSE,FALSE,FALSE,FALSE,"Recent form (63.4) is close to season avg (73.5)","— Steady"
"343",1626220,"Royce O'Neale","PHX",2025-04-13,58.3929994535273,52.7616494213273,51.6181519634516,-10.4005178190633,-11.544015276939,FALSE,TRUE,FALSE,TRUE,"Last 5 avg (52.8) is 10.4 below season avg (63.2). Dragged down by PLAY, DISC","Cold (last 5)"
"344",203114,"Khris Middleton","WAS",2025-03-27,56.1358452042156,57.9161338843336,64.9734436648587,-10.4879047904616,-3.43059500993654,FALSE,TRUE,FALSE,FALSE,"Last 5 avg (57.9) is 10.5 below season avg (68.4). Dragged down by DISC, DEF","Cold (last 5)"
"345",1630583,"Santi Aldama","MEM",2025-04-26,70.7433433325616,59.9777550653184,58.9918076876158,-10.525980784711,-11.5119281624136,FALSE,FALSE,FALSE,TRUE,"Last 10 avg (59) is 11.5 below season avg (70.5). Dragged down by SCORING, PLAY","Cold (last 10)"
"346",101108,"Chris Paul","SAS",2025-04-13,82.5286324654414,62.2247724873375,67.7769327611391,-10.5298045200603,-4.97764424625868,FALSE,FALSE,FALSE,FALSE,"Recent form (62.2) is close to season avg (72.8)","— Steady"
"347",201144,"Mike Conley","MIN",2025-05-28,41.0022254346455,56.8558419016144,61.3826267106217,-10.5338877954218,-6.00710298641448,FALSE,TRUE,FALSE,FALSE,"Last 5 avg (56.9) is 10.5 below season avg (67.4). Dragged down by DEF, DISC","Cold (last 5)"
"348",203944,"Julius Randle","MIN",2025-05-28,51.311268052256,58.5086940751057,67.266038695028,-10.8150222656562,-2.05767764573388,FALSE,TRUE,FALSE,FALSE,"Last 5 avg (58.5) is 10.8 below season avg (69.3). Dragged down by SCORING, DEF","Cold (last 5)"
"349",1630530,"Trey Murphy III","NOP",2025-03-17,41.3479739103088,53.0133118600202,56.8743643280183,-10.821185233824,-6.96013276582599,FALSE,TRUE,FALSE,TRUE,"Last 5 avg (53) is 10.8 below season avg (63.8). Dragged down by DISC, IMPACT","Cold (last 5)"
"350",1630540,"Miles McBride","NYK",2025-05-31,53.996590419313,52.4074545336014,56.730503955306,-10.9616710789734,-6.63862165726869,FALSE,TRUE,FALSE,TRUE,"Last 5 avg (52.4) is 11 below season avg (63.4). Dragged down by REB, DEF","Cold (last 5)"
"351",1629060,"Rui Hachimura","LAL",2025-04-30,56.1320098088613,53.5568556083411,60.6808897788038,-10.9683718842087,-3.84433771374603,FALSE,TRUE,FALSE,FALSE,"Last 5 avg (53.6) is 11 below season avg (64.5). Dragged down by SCORING, DISC","Cold (last 5)"
"352",1631109,"Mark Williams","CHA",2025-04-11,62.4900272313943,58.6762863840946,66.5124267043779,-10.9748971430668,-3.13875682278352,FALSE,TRUE,FALSE,FALSE,"Last 5 avg (58.7) is 11 below season avg (69.7). Dragged down by REB, DEF","Cold (last 5)"
"353",1630169,"Tyrese Haliburton","IND",2025-06-22,50.8835718328192,67.2374522626824,73.0637874751048,-11.3084051459816,-5.48206993355917,FALSE,FALSE,FALSE,FALSE,"Recent form (67.2) is close to season avg (78.5)","— Steady"
"354",1626167,"Myles Turner","IND",2025-06-22,51.9739059665653,57.0745624434817,58.3771051014247,-11.3510687612976,-10.0485261033546,FALSE,TRUE,FALSE,TRUE,"Last 5 avg (57.1) is 11.4 below season avg (68.4). Dragged down by DISC, SCORING","Cold (last 5)"
"355",1628404,"Josh Hart","NYK",2025-05-31,59.1188455196668,61.9504911760899,63.9925883100722,-11.6261656057714,-9.58406847178903,FALSE,TRUE,FALSE,TRUE,"Last 5 avg (62) is 11.6 below season avg (73.6). Dragged down by DEF, REB","Cold (last 5)"
"356",1629029,"Luka Dončić","LAL",2025-04-30,73.3471536236041,66.4495872218059,75.2423855257934,-11.7279359153817,-2.93513761139425,FALSE,TRUE,FALSE,FALSE,"Last 5 avg (66.4) is 11.7 below season avg (78.2). Dragged down by DISC, PLAY","Cold (last 5)"
"357",1642358,"AJ Johnson","WAS",2025-04-13,66.1950009514162,45.9060888875193,47.4008258278319,-11.729717874964,-10.2349809346514,FALSE,TRUE,FALSE,TRUE,"Last 5 avg (45.9) is 11.7 below season avg (57.6). Dragged down by PLAY, IMPACT","Cold (last 5)"
"358",203081,"Damian Lillard","MIL",2025-04-27,62.3842699817574,60.4666631404516,65.5948228640177,-11.782928229304,-6.65476850573785,FALSE,TRUE,FALSE,FALSE,"Last 5 avg (60.5) is 11.8 below season avg (72.2). Dragged down by DISC, REB","Cold (last 5)"
"359",1629639,"Tyler Herro","MIA",2025-04-28,33.3810825290642,58.341410803474,66.9496428309501,-11.9510820149644,-3.34284998748824,FALSE,TRUE,FALSE,FALSE,"Last 5 avg (58.3) is 12 below season avg (70.3). Dragged down by DISC, DEF","Cold (last 5)"
"360",203110,"Draymond Green","GSW",2025-05-14,58.4515531794538,58.7801523369219,62.3272881983756,-12.1046501885598,-8.55751432710605,FALSE,TRUE,FALSE,TRUE,"Last 5 avg (58.8) is 12.1 below season avg (70.9). Dragged down by PLAY, SCORING","Cold (last 5)"
"361",1630552,"Jalen Johnson","ATL",2025-01-23,49.6619008131176,62.2422081475458,73.0731302918903,-12.1320628426007,-1.30114069825622,FALSE,TRUE,FALSE,FALSE,"Last 5 avg (62.2) is 12.1 below season avg (74.4). Dragged down by DEF, DISC","Cold (last 5)"
"362",203999,"Nikola Jokić","DEN",2025-05-18,56.5695151067358,74.6053039188636,76.1424203382515,-12.2238472024448,-10.686730783057,FALSE,FALSE,FALSE,TRUE,"Last 10 avg (76.1) is 10.7 below season avg (86.8). Dragged down by SCORING, REB","Cold (last 10)"
"363",1631117,"Walker Kessler","UTA",2025-04-02,62.0722075590527,59.5936778290523,64.9603927057524,-12.4507949473346,-7.08408007063443,FALSE,TRUE,FALSE,FALSE,"Last 5 avg (59.6) is 12.5 below season avg (72). Dragged down by DISC, DEF","Cold (last 5)"
"364",1628386,"Jarrett Allen","CLE",2025-05-13,54.174167839653,62.1188119904843,68.3051474888824,-12.5439863691828,-6.35765087078458,FALSE,TRUE,FALSE,FALSE,"Last 5 avg (62.1) is 12.5 below season avg (74.7). Dragged down by DISC, SCORING","Cold (last 5)"
"365",1629130,"Duncan Robinson","MIA",2025-04-28,37.6891181280152,46.8020297477537,55.9901834687775,-12.959746371749,-3.77159265072523,FALSE,TRUE,FALSE,FALSE,"Last 5 avg (46.8) is 13 below season avg (59.8). Dragged down by REB, DISC","Cold (last 5)"
"366",1631114,"Jalen Williams","OKC",2025-06-22,72.2403303755506,61.8187604835004,64.2077396263796,-13.4578199296234,-11.0688407867442,FALSE,TRUE,FALSE,TRUE,"Last 5 avg (61.8) is 13.5 below season avg (75.3). Dragged down by IMPACT, DISC","Cold (last 5)"
"367",1630559,"Austin Reaves","LAL",2025-04-30,44.1363690143821,56.7324926963494,64.9560057751599,-13.4939793456673,-5.27046626685679,FALSE,TRUE,FALSE,FALSE,"Last 5 avg (56.7) is 13.5 below season avg (70.2). Dragged down by REB, SCORING","Cold (last 5)"
"368",1628983,"Shai Gilgeous-Alexander","OKC",2025-06-22,86.6695233954773,67.8506859068109,72.0280065458748,-14.1190595482489,-9.94173890918496,FALSE,TRUE,FALSE,TRUE,"Last 5 avg (67.9) is 14.1 below season avg (82). Dragged down by PLAY, DISC","Cold (last 5)"
"369",1629636,"Darius Garland","CLE",2025-05-13,39.7225914538181,60.2476011626472,67.1842280622518,-14.2840802414724,-7.3474533418679,FALSE,TRUE,FALSE,FALSE,"Last 5 avg (60.2) is 14.3 below season avg (74.5). Dragged down by REB, DEF","Cold (last 5)"
"370",1629660,"Ty Jerome","CLE",2025-05-13,66.3943196157586,55.883033480482,68.7993846699589,-15.365028255621,-2.44867706614414,FALSE,TRUE,FALSE,FALSE,"Last 5 avg (55.9) is 15.4 below season avg (71.2). Dragged down by DEF, SCORING","Cold (last 5)"
"371",204001,"Kristaps Porziņģis","BOS",2025-05-16,55.5970807136574,54.3946915470157,58.1582645781252,-15.418234727745,-11.6546616966356,FALSE,TRUE,FALSE,TRUE,"Last 5 avg (54.4) is 15.4 below season avg (69.8). Dragged down by REB, DEF","Cold (last 5)"
"372",201572,"Brook Lopez","MIL",2025-04-29,42.0121200278544,51.1673993584253,56.6306346063705,-15.5219421773222,-10.058706929377,FALSE,TRUE,FALSE,TRUE,"Last 5 avg (51.2) is 15.5 below season avg (66.7). Dragged down by DISC, IMPACT","Cold (last 5)"
"373",1630590,"Scotty Pippen Jr.","MEM",2025-04-26,57.654938326818,52.2421541882308,59.1195089717474,-16.5756239923383,-9.69826920882171,FALSE,TRUE,FALSE,TRUE,"Last 5 avg (52.2) is 16.6 below season avg (68.8). Dragged down by REB, SCORING","Cold (last 5)"
"374",1630217,"Desmond Bane","MEM",2025-04-26,54.987513220459,53.934248110971,63.6413677516538,-17.1576519869822,-7.45053234629936,FALSE,TRUE,FALSE,TRUE,"Last 5 avg (53.9) is 17.2 below season avg (71.1). Dragged down by IMPACT, PLAY","Cold (last 5)"
"375",1628991,"Jaren Jackson Jr.","MEM",2025-04-26,54.0854630581709,51.4386170499569,57.1477564170347,-17.958722935662,-12.2495835685842,FALSE,TRUE,FALSE,TRUE,"Last 5 avg (51.4) is 18 below season avg (69.4). Dragged down by IMPACT, DEF","Cold (last 5)"
"376",201566,"Russell Westbrook","DEN",2025-05-18,37.2858951590811,49.109240213585,55.2136762110924,-19.0794949196428,-12.9750589221354,FALSE,TRUE,FALSE,TRUE,"Last 5 avg (49.1) is 19.1 below season avg (68.2). Dragged down by REB, DISC","Cold (last 5)"
